ANO,LOCALIZAÇÃO,PRODUTO,PRODUÇÃO,REGIÃO
1997-04-01,MAR,GÁS NATURAL,"53883,0",SERGIPE
1997-04-01,TERRA,GÁS NATURAL,"5756,0",SERGIPE
1997-08-01,MAR,GÁS NATURAL,"55382,0",SERGIPE
1997-08-01,TERRA,GÁS NATURAL,"5449,0",SERGIPE
1997-12-01,MAR,GÁS NATURAL,"58647,0",SERGIPE
1997-12-01,TERRA,GÁS NATURAL,"6853,0",SERGIPE
1997-02-01,MAR,GÁS NATURAL,"56233,0",SERGIPE
1997-02-01,TERRA,GÁS NATURAL,"5122,0",SERGIPE
1997-01-01,MAR,GÁS NATURAL,"52113,0",SERGIPE
1997-01-01,TERRA,GÁS NATURAL,"6775,0",SERGIPE
1997-07-01,MAR,GÁS NATURAL,"60103,0",SERGIPE
1997-07-01,TERRA,GÁS NATURAL,"6210,0",SERGIPE
1997-06-01,MAR,GÁS NATURAL,"58893,0",SERGIPE
1997-06-01,TERRA,GÁS NATURAL,"6238,0",SERGIPE
1997-05-01,MAR,GÁS NATURAL,"53694,0",SERGIPE
1997-05-01,TERRA,GÁS NATURAL,"5709,0",SERGIPE
1997-03-01,MAR,GÁS NATURAL,"54736,0",SERGIPE
1997-03-01,TERRA,GÁS NATURAL,"5873,0",SERGIPE
1997-11-01,MAR,GÁS NATURAL,"52803,0",SERGIPE
1997-11-01,TERRA,GÁS NATURAL,"5359,0",SERGIPE
1997-10-01,MAR,GÁS NATURAL,"57270,0",SERGIPE
1997-10-01,TERRA,GÁS NATURAL,"5310,0",SERGIPE
1997-09-01,MAR,GÁS NATURAL,"57066,0",SERGIPE
1997-09-01,TERRA,GÁS NATURAL,"5344,0",SERGIPE
1998-04-01,MAR,GÁS NATURAL,"61945,0",SERGIPE
1998-04-01,TERRA,GÁS NATURAL,"5085,0",SERGIPE
1998-08-01,MAR,GÁS NATURAL,"57333,0",SERGIPE
1998-08-01,TERRA,GÁS NATURAL,"5340,0",SERGIPE
1998-12-01,MAR,GÁS NATURAL,"61359,0",SERGIPE
1998-12-01,TERRA,GÁS NATURAL,"5593,0",SERGIPE
1998-02-01,MAR,GÁS NATURAL,"56021,0",SERGIPE
1998-02-01,TERRA,GÁS NATURAL,"5063,0",SERGIPE
1998-01-01,MAR,GÁS NATURAL,"62680,0",SERGIPE
1998-01-01,TERRA,GÁS NATURAL,"6526,0",SERGIPE
1998-07-01,MAR,GÁS NATURAL,"59957,0",SERGIPE
1998-07-01,TERRA,GÁS NATURAL,"5233,0",SERGIPE
1998-06-01,MAR,GÁS NATURAL,"67484,0",SERGIPE
1998-06-01,TERRA,GÁS NATURAL,"5167,0",SERGIPE
1998-05-01,MAR,GÁS NATURAL,"63476,0",SERGIPE
1998-05-01,TERRA,GÁS NATURAL,"5220,0",SERGIPE
1998-03-01,MAR,GÁS NATURAL,"65150,0",SERGIPE
1998-03-01,TERRA,GÁS NATURAL,"5056,0",SERGIPE
1998-11-01,MAR,GÁS NATURAL,"63510,0",SERGIPE
1998-11-01,TERRA,GÁS NATURAL,"5322,0",SERGIPE
1998-10-01,MAR,GÁS NATURAL,"63480,0",SERGIPE
1998-10-01,TERRA,GÁS NATURAL,"5741,0",SERGIPE
1998-09-01,MAR,GÁS NATURAL,"59982,0",SERGIPE
1998-09-01,TERRA,GÁS NATURAL,"5350,0",SERGIPE
1999-04-01,MAR,GÁS NATURAL,"64790,0",SERGIPE
1999-04-01,TERRA,GÁS NATURAL,"4669,2803",SERGIPE
1999-08-01,MAR,GÁS NATURAL,"69177,0",SERGIPE
1999-08-01,TERRA,GÁS NATURAL,"5174,0272",SERGIPE
1999-12-01,MAR,GÁS NATURAL,"71585,0",SERGIPE
1999-12-01,TERRA,GÁS NATURAL,"4772,8925",SERGIPE
1999-02-01,MAR,GÁS NATURAL,"54493,9",SERGIPE
1999-02-01,TERRA,GÁS NATURAL,"4923,635",SERGIPE
1999-01-01,MAR,GÁS NATURAL,"65024,88",SERGIPE
1999-01-01,TERRA,GÁS NATURAL,"5713,33",SERGIPE
1999-07-01,MAR,GÁS NATURAL,"66356,0",SERGIPE
1999-07-01,TERRA,GÁS NATURAL,"4976,7369",SERGIPE
1999-06-01,MAR,GÁS NATURAL,"69871,0",SERGIPE
1999-06-01,TERRA,GÁS NATURAL,"4623,2819",SERGIPE
1999-05-01,MAR,GÁS NATURAL,"65348,0",SERGIPE
1999-05-01,TERRA,GÁS NATURAL,"4870,8159",SERGIPE
1999-03-01,MAR,GÁS NATURAL,"66119,51",SERGIPE
1999-03-01,TERRA,GÁS NATURAL,"5089,6204",SERGIPE
1999-11-01,MAR,GÁS NATURAL,"71313,0",SERGIPE
1999-11-01,TERRA,GÁS NATURAL,"4722,52",SERGIPE
1999-10-01,MAR,GÁS NATURAL,"74065,0",SERGIPE
1999-10-01,TERRA,GÁS NATURAL,"4441,621",SERGIPE
1999-09-01,MAR,GÁS NATURAL,"68212,0",SERGIPE
1999-09-01,TERRA,GÁS NATURAL,"5703,4493",SERGIPE
2000-04-01,MAR,GÁS NATURAL,"64916,969",SERGIPE
2000-04-01,TERRA,GÁS NATURAL,"5012,0033",SERGIPE
2000-08-01,MAR,GÁS NATURAL,"75782,958",SERGIPE
2000-08-01,TERRA,GÁS NATURAL,"4657,2265",SERGIPE
2000-12-01,MAR,GÁS NATURAL,"65847,855",SERGIPE
2000-12-01,TERRA,GÁS NATURAL,"4692,4049",SERGIPE
2000-02-01,MAR,GÁS NATURAL,"65669,469",SERGIPE
2000-02-01,TERRA,GÁS NATURAL,"4656,7501",SERGIPE
2000-01-01,MAR,GÁS NATURAL,"73438,746",SERGIPE
2000-01-01,TERRA,GÁS NATURAL,"4448,1724",SERGIPE
2000-07-01,MAR,GÁS NATURAL,"73016,556",SERGIPE
2000-07-01,TERRA,GÁS NATURAL,"5102,2895",SERGIPE
2000-06-01,MAR,GÁS NATURAL,"68471,623",SERGIPE
2000-06-01,TERRA,GÁS NATURAL,"5362,2948",SERGIPE
2000-05-01,MAR,GÁS NATURAL,"68218,231",SERGIPE
2000-05-01,TERRA,GÁS NATURAL,"5224,2452",SERGIPE
2000-03-01,MAR,GÁS NATURAL,"64070,379",SERGIPE
2000-03-01,TERRA,GÁS NATURAL,"5228,3978",SERGIPE
2000-11-01,MAR,GÁS NATURAL,"55113,15",SERGIPE
2000-11-01,TERRA,GÁS NATURAL,"4662,6288",SERGIPE
2000-10-01,MAR,GÁS NATURAL,"67276,324",SERGIPE
2000-10-01,TERRA,GÁS NATURAL,"4848,6393",SERGIPE
2000-09-01,MAR,GÁS NATURAL,"73156,375",SERGIPE
2000-09-01,TERRA,GÁS NATURAL,"4693,3733",SERGIPE
2001-04-01,MAR,GÁS NATURAL,"58806,0",SERGIPE
2001-04-01,TERRA,GÁS NATURAL,"4869,0",SERGIPE
2001-08-01,MAR,GÁS NATURAL,"64172,0",SERGIPE
2001-08-01,TERRA,GÁS NATURAL,"5178,0",SERGIPE
2001-12-01,MAR,GÁS NATURAL,"65237,0",SERGIPE
2001-12-01,TERRA,GÁS NATURAL,"5102,0",SERGIPE
2001-02-01,MAR,GÁS NATURAL,"60492,0",SERGIPE
2001-02-01,TERRA,GÁS NATURAL,"4165,0",SERGIPE
2001-01-01,MAR,GÁS NATURAL,"67984,0",SERGIPE
2001-01-01,TERRA,GÁS NATURAL,"4663,0",SERGIPE
2001-07-01,MAR,GÁS NATURAL,"64107,0",SERGIPE
2001-07-01,TERRA,GÁS NATURAL,"5038,0",SERGIPE
2001-06-01,MAR,GÁS NATURAL,"60946,0",SERGIPE
2001-06-01,TERRA,GÁS NATURAL,"5136,0",SERGIPE
2001-05-01,MAR,GÁS NATURAL,"64313,0",SERGIPE
2001-05-01,TERRA,GÁS NATURAL,"5172,0",SERGIPE
2001-03-01,MAR,GÁS NATURAL,"66268,0",SERGIPE
2001-03-01,TERRA,GÁS NATURAL,"4805,0",SERGIPE
2001-11-01,MAR,GÁS NATURAL,"64290,0",SERGIPE
2001-11-01,TERRA,GÁS NATURAL,"4932,0",SERGIPE
2001-10-01,MAR,GÁS NATURAL,"63245,0",SERGIPE
2001-10-01,TERRA,GÁS NATURAL,"5142,0",SERGIPE
2001-09-01,MAR,GÁS NATURAL,"52672,0",SERGIPE
2001-09-01,TERRA,GÁS NATURAL,"5128,0",SERGIPE
2002-04-01,MAR,GÁS NATURAL,"62535,0",SERGIPE
2002-04-01,TERRA,GÁS NATURAL,"4856,0",SERGIPE
2002-08-01,MAR,GÁS NATURAL,"60278,0",SERGIPE
2002-08-01,TERRA,GÁS NATURAL,"5053,0",SERGIPE
2002-12-01,MAR,GÁS NATURAL,"58960,0",SERGIPE
2002-12-01,TERRA,GÁS NATURAL,"5320,0",SERGIPE
2002-02-01,MAR,GÁS NATURAL,"59764,0",SERGIPE
2002-02-01,TERRA,GÁS NATURAL,"4382,0",SERGIPE
2002-01-01,MAR,GÁS NATURAL,"68077,0",SERGIPE
2002-01-01,TERRA,GÁS NATURAL,"5057,0",SERGIPE
2002-07-01,MAR,GÁS NATURAL,"63786,0",SERGIPE
2002-07-01,TERRA,GÁS NATURAL,"5083,0",SERGIPE
2002-06-01,MAR,GÁS NATURAL,"61818,0",SERGIPE
2002-06-01,TERRA,GÁS NATURAL,"4638,0",SERGIPE
2002-05-01,MAR,GÁS NATURAL,"63551,0",SERGIPE
2002-05-01,TERRA,GÁS NATURAL,"4936,0",SERGIPE
2002-03-01,MAR,GÁS NATURAL,"65480,0",SERGIPE
2002-03-01,TERRA,GÁS NATURAL,"4821,0",SERGIPE
2002-11-01,MAR,GÁS NATURAL,"61898,0",SERGIPE
2002-11-01,TERRA,GÁS NATURAL,"5126,0",SERGIPE
2002-10-01,MAR,GÁS NATURAL,"57865,0",SERGIPE
2002-10-01,TERRA,GÁS NATURAL,"5314,0",SERGIPE
2002-09-01,MAR,GÁS NATURAL,"57879,0",SERGIPE
2002-09-01,TERRA,GÁS NATURAL,"4970,0",SERGIPE
2003-04-01,MAR,GÁS NATURAL,"41695,0",SERGIPE
2003-04-01,TERRA,GÁS NATURAL,"5879,0",SERGIPE
2003-08-01,MAR,GÁS NATURAL,"58176,0",SERGIPE
2003-08-01,TERRA,GÁS NATURAL,"5182,0",SERGIPE
2003-12-01,MAR,GÁS NATURAL,"56159,444",SERGIPE
2003-12-01,TERRA,GÁS NATURAL,"5766,0",SERGIPE
2003-02-01,MAR,GÁS NATURAL,"48495,0",SERGIPE
2003-02-01,TERRA,GÁS NATURAL,"5081,0",SERGIPE
2003-01-01,MAR,GÁS NATURAL,"59851,0",SERGIPE
2003-01-01,TERRA,GÁS NATURAL,"5298,0",SERGIPE
2003-07-01,MAR,GÁS NATURAL,"58120,0",SERGIPE
2003-07-01,TERRA,GÁS NATURAL,"5823,0",SERGIPE
2003-06-01,MAR,GÁS NATURAL,"54926,0",SERGIPE
2003-06-01,TERRA,GÁS NATURAL,"5570,0",SERGIPE
2003-05-01,MAR,GÁS NATURAL,"55532,0",SERGIPE
2003-05-01,TERRA,GÁS NATURAL,"6037,0",SERGIPE
2003-03-01,MAR,GÁS NATURAL,"58398,0",SERGIPE
2003-03-01,TERRA,GÁS NATURAL,"5651,0",SERGIPE
2003-11-01,MAR,GÁS NATURAL,"57520,647",SERGIPE
2003-11-01,TERRA,GÁS NATURAL,"5486,0",SERGIPE
2003-10-01,MAR,GÁS NATURAL,"60115,133",SERGIPE
2003-10-01,TERRA,GÁS NATURAL,"5362,0",SERGIPE
2003-09-01,MAR,GÁS NATURAL,"57276,0",SERGIPE
2003-09-01,TERRA,GÁS NATURAL,"5114,0",SERGIPE
2004-04-01,MAR,GÁS NATURAL,"51876,0",SERGIPE
2004-04-01,TERRA,GÁS NATURAL,"6360,0",SERGIPE
2004-08-01,MAR,GÁS NATURAL,"51488,0",SERGIPE
2004-08-01,TERRA,GÁS NATURAL,"6849,0",SERGIPE
2004-12-01,MAR,GÁS NATURAL,"47962,606",SERGIPE
2004-12-01,TERRA,GÁS NATURAL,"6165,0",SERGIPE
2004-02-01,MAR,GÁS NATURAL,"49592,4",SERGIPE
2004-02-01,TERRA,GÁS NATURAL,"5995,0",SERGIPE
2004-01-01,MAR,GÁS NATURAL,"51020,0",SERGIPE
2004-01-01,TERRA,GÁS NATURAL,"6287,0",SERGIPE
2004-07-01,MAR,GÁS NATURAL,"45683,0",SERGIPE
2004-07-01,TERRA,GÁS NATURAL,"6603,0",SERGIPE
2004-06-01,MAR,GÁS NATURAL,"48522,0",SERGIPE
2004-06-01,TERRA,GÁS NATURAL,"6409,0",SERGIPE
2004-05-01,MAR,GÁS NATURAL,"52909,449",SERGIPE
2004-05-01,TERRA,GÁS NATURAL,"6608,0",SERGIPE
2004-03-01,MAR,GÁS NATURAL,"52406,0",SERGIPE
2004-03-01,TERRA,GÁS NATURAL,"6473,0",SERGIPE
2004-11-01,MAR,GÁS NATURAL,"51038,126",SERGIPE
2004-11-01,TERRA,GÁS NATURAL,"6124,0",SERGIPE
2004-10-01,MAR,GÁS NATURAL,"49587,177",SERGIPE
2004-10-01,TERRA,GÁS NATURAL,"6112,0",SERGIPE
2004-09-01,MAR,GÁS NATURAL,"49083,0",SERGIPE
2004-09-01,TERRA,GÁS NATURAL,"6273,0",SERGIPE
2005-04-01,MAR,GÁS NATURAL,"39249,19",SERGIPE
2005-04-01,TERRA,GÁS NATURAL,"6946,0",SERGIPE
2005-08-01,MAR,GÁS NATURAL,"49928,0",SERGIPE
2005-08-01,TERRA,GÁS NATURAL,"6417,0",SERGIPE
2005-12-01,MAR,GÁS NATURAL,"41337,0",SERGIPE
2005-12-01,TERRA,GÁS NATURAL,"7010,0",SERGIPE
2005-02-01,MAR,GÁS NATURAL,"39255,97",SERGIPE
2005-02-01,TERRA,GÁS NATURAL,"6053,0",SERGIPE
2005-01-01,MAR,GÁS NATURAL,"46249,023",SERGIPE
2005-01-01,TERRA,GÁS NATURAL,"6576,0",SERGIPE
2005-07-01,MAR,GÁS NATURAL,"50861,0",SERGIPE
2005-07-01,TERRA,GÁS NATURAL,"6356,0",SERGIPE
2005-06-01,MAR,GÁS NATURAL,"46203,0",SERGIPE
2005-06-01,TERRA,GÁS NATURAL,"6154,0",SERGIPE
2005-05-01,MAR,GÁS NATURAL,"39870,235",SERGIPE
2005-05-01,TERRA,GÁS NATURAL,"6886,0",SERGIPE
2005-03-01,MAR,GÁS NATURAL,"42077,768",SERGIPE
2005-03-01,TERRA,GÁS NATURAL,"6901,0",SERGIPE
2005-11-01,MAR,GÁS NATURAL,"43348,0",SERGIPE
2005-11-01,TERRA,GÁS NATURAL,"6484,0",SERGIPE
2005-10-01,MAR,GÁS NATURAL,"51135,0",SERGIPE
2005-10-01,TERRA,GÁS NATURAL,"6723,0",SERGIPE
2005-09-01,MAR,GÁS NATURAL,"49209,0",SERGIPE
2005-09-01,TERRA,GÁS NATURAL,"6514,0",SERGIPE
2006-04-01,MAR,GÁS NATURAL,"45691,0",SERGIPE
2006-04-01,TERRA,GÁS NATURAL,"6978,0",SERGIPE
2006-08-01,MAR,GÁS NATURAL,"44867,0",SERGIPE
2006-08-01,TERRA,GÁS NATURAL,"7450,0",SERGIPE
2006-12-01,MAR,GÁS NATURAL,"39079,0",SERGIPE
2006-12-01,TERRA,GÁS NATURAL,"7774,0",SERGIPE
2006-02-01,MAR,GÁS NATURAL,"40715,0",SERGIPE
2006-02-01,TERRA,GÁS NATURAL,"6515,0",SERGIPE
2006-01-01,MAR,GÁS NATURAL,"45275,387",SERGIPE
2006-01-01,TERRA,GÁS NATURAL,"7183,3154",SERGIPE
2006-07-01,MAR,GÁS NATURAL,"45685,0",SERGIPE
2006-07-01,TERRA,GÁS NATURAL,"7436,0",SERGIPE
2006-06-01,MAR,GÁS NATURAL,"46503,0",SERGIPE
2006-06-01,TERRA,GÁS NATURAL,"6631,0",SERGIPE
2006-05-01,MAR,GÁS NATURAL,"49037,0",SERGIPE
2006-05-01,TERRA,GÁS NATURAL,"7080,0",SERGIPE
2006-03-01,MAR,GÁS NATURAL,"48076,0",SERGIPE
2006-03-01,TERRA,GÁS NATURAL,"7133,0",SERGIPE
2006-11-01,MAR,GÁS NATURAL,"38250,0",SERGIPE
2006-11-01,TERRA,GÁS NATURAL,"6491,0",SERGIPE
2006-10-01,MAR,GÁS NATURAL,"40982,0",SERGIPE
2006-10-01,TERRA,GÁS NATURAL,"6907,0",SERGIPE
2006-09-01,MAR,GÁS NATURAL,"40996,0",SERGIPE
2006-09-01,TERRA,GÁS NATURAL,"6639,0",SERGIPE
2007-04-01,MAR,GÁS NATURAL,"32439,0",SERGIPE
2007-04-01,TERRA,GÁS NATURAL,"7571,32",SERGIPE
2007-08-01,MAR,GÁS NATURAL,"37963,0",SERGIPE
2007-08-01,TERRA,GÁS NATURAL,"7481,12",SERGIPE
2007-12-01,MAR,GÁS NATURAL,"47408,0",SERGIPE
2007-12-01,TERRA,GÁS NATURAL,"8057,05",SERGIPE
2007-02-01,MAR,GÁS NATURAL,"32778,0",SERGIPE
2007-02-01,TERRA,GÁS NATURAL,"7341,58",SERGIPE
2007-01-01,MAR,GÁS NATURAL,"37349,0",SERGIPE
2007-01-01,TERRA,GÁS NATURAL,"8026,0",SERGIPE
2007-07-01,MAR,GÁS NATURAL,"36488,0",SERGIPE
2007-07-01,TERRA,GÁS NATURAL,"7973,95",SERGIPE
2007-06-01,MAR,GÁS NATURAL,"31571,0",SERGIPE
2007-06-01,TERRA,GÁS NATURAL,"7626,31",SERGIPE
2007-05-01,MAR,GÁS NATURAL,"24960,0",SERGIPE
2007-05-01,TERRA,GÁS NATURAL,"8045,01",SERGIPE
2007-03-01,MAR,GÁS NATURAL,"36621,0",SERGIPE
2007-03-01,TERRA,GÁS NATURAL,"8078,59",SERGIPE
2007-11-01,MAR,GÁS NATURAL,"48460,0",SERGIPE
2007-11-01,TERRA,GÁS NATURAL,"7865,28",SERGIPE
2007-10-01,MAR,GÁS NATURAL,"49308,0",SERGIPE
2007-10-01,TERRA,GÁS NATURAL,"7726,95",SERGIPE
2007-09-01,MAR,GÁS NATURAL,"38525,0",SERGIPE
2007-09-01,TERRA,GÁS NATURAL,"7396,77",SERGIPE
2008-04-01,MAR,GÁS NATURAL,"49839,227",SERGIPE
2008-04-01,TERRA,GÁS NATURAL,"7760,78257",SERGIPE
2008-08-01,MAR,GÁS NATURAL,"76495,993",SERGIPE
2008-08-01,TERRA,GÁS NATURAL,"7868,13711",SERGIPE
2008-12-01,MAR,GÁS NATURAL,"78046,965",SERGIPE
2008-12-01,TERRA,GÁS NATURAL,"7344,46606",SERGIPE
2008-02-01,MAR,GÁS NATURAL,"46436,6775",SERGIPE
2008-02-01,TERRA,GÁS NATURAL,"7154,32",SERGIPE
2008-01-01,MAR,GÁS NATURAL,"49180,4817",SERGIPE
2008-01-01,TERRA,GÁS NATURAL,"7638,75",SERGIPE
2008-07-01,MAR,GÁS NATURAL,"75384,552",SERGIPE
2008-07-01,TERRA,GÁS NATURAL,"7334,77403",SERGIPE
2008-06-01,MAR,GÁS NATURAL,"59534,756",SERGIPE
2008-06-01,TERRA,GÁS NATURAL,"7817,36151",SERGIPE
2008-05-01,MAR,GÁS NATURAL,"49045,07",SERGIPE
2008-05-01,TERRA,GÁS NATURAL,"7855,05763",SERGIPE
2008-03-01,MAR,GÁS NATURAL,"48648,1945",SERGIPE
2008-03-01,TERRA,GÁS NATURAL,"7658,94",SERGIPE
2008-11-01,MAR,GÁS NATURAL,"82021,966",SERGIPE
2008-11-01,TERRA,GÁS NATURAL,"7227,86671",SERGIPE
2008-10-01,MAR,GÁS NATURAL,"79257,616",SERGIPE
2008-10-01,TERRA,GÁS NATURAL,"7947,9323",SERGIPE
2008-09-01,MAR,GÁS NATURAL,"72651,634",SERGIPE
2008-09-01,TERRA,GÁS NATURAL,"7627,90176",SERGIPE
2009-04-01,MAR,GÁS NATURAL,"62029,786",SERGIPE
2009-04-01,TERRA,GÁS NATURAL,"7734,13628",SERGIPE
2009-08-01,MAR,GÁS NATURAL,"72132,1415",SERGIPE
2009-08-01,TERRA,GÁS NATURAL,"8330,67951",SERGIPE
2009-12-01,MAR,GÁS NATURAL,"72860,3405",SERGIPE
2009-12-01,TERRA,GÁS NATURAL,"8345,3139",SERGIPE
2009-02-01,MAR,GÁS NATURAL,"69107,501",SERGIPE
2009-02-01,TERRA,GÁS NATURAL,"6611,63358",SERGIPE
2009-01-01,MAR,GÁS NATURAL,"76427,203",SERGIPE
2009-01-01,TERRA,GÁS NATURAL,"7513,76194",SERGIPE
2009-07-01,MAR,GÁS NATURAL,"78273,759",SERGIPE
2009-07-01,TERRA,GÁS NATURAL,"8077,72365",SERGIPE
2009-06-01,MAR,GÁS NATURAL,"73431,945",SERGIPE
2009-06-01,TERRA,GÁS NATURAL,"6987,7221",SERGIPE
2009-05-01,MAR,GÁS NATURAL,"72620,807",SERGIPE
2009-05-01,TERRA,GÁS NATURAL,"7493,77492",SERGIPE
2009-03-01,MAR,GÁS NATURAL,"76975,172",SERGIPE
2009-03-01,TERRA,GÁS NATURAL,"8231,48199",SERGIPE
2009-11-01,MAR,GÁS NATURAL,"70100,435",SERGIPE
2009-11-01,TERRA,GÁS NATURAL,"7394,077",SERGIPE
2009-10-01,MAR,GÁS NATURAL,"68999,665",SERGIPE
2009-10-01,TERRA,GÁS NATURAL,"7960,90573",SERGIPE
2009-09-01,MAR,GÁS NATURAL,"70650,87",SERGIPE
2009-09-01,TERRA,GÁS NATURAL,"7858,49815",SERGIPE
2010-04-01,MAR,GÁS NATURAL,"80763,72",SERGIPE
2010-04-01,TERRA,GÁS NATURAL,"8022,6144",SERGIPE
2010-08-01,MAR,GÁS NATURAL,"98550,313",SERGIPE
2010-08-01,TERRA,GÁS NATURAL,"7101,10625",SERGIPE
2010-12-01,MAR,GÁS NATURAL,"94308,46746",SERGIPE
2010-12-01,TERRA,GÁS NATURAL,"8125,42273",SERGIPE
2010-02-01,MAR,GÁS NATURAL,"66774,779",SERGIPE
2010-02-01,TERRA,GÁS NATURAL,"7440,9901",SERGIPE
2010-01-01,MAR,GÁS NATURAL,"77506,228",SERGIPE
2010-01-01,TERRA,GÁS NATURAL,"7867,62072",SERGIPE
2010-07-01,MAR,GÁS NATURAL,"85531,755",SERGIPE
2010-07-01,TERRA,GÁS NATURAL,"7833,4538",SERGIPE
2010-06-01,MAR,GÁS NATURAL,"89702,986",SERGIPE
2010-06-01,TERRA,GÁS NATURAL,"7507,91346",SERGIPE
2010-05-01,MAR,GÁS NATURAL,"89074,992",SERGIPE
2010-05-01,TERRA,GÁS NATURAL,"8207,13871",SERGIPE
2010-03-01,MAR,GÁS NATURAL,"73323,944",SERGIPE
2010-03-01,TERRA,GÁS NATURAL,"8314,46011",SERGIPE
2010-11-01,MAR,GÁS NATURAL,"57870,191",SERGIPE
2010-11-01,TERRA,GÁS NATURAL,"8079,09632",SERGIPE
2010-10-01,MAR,GÁS NATURAL,"98917,298",SERGIPE
2010-10-01,TERRA,GÁS NATURAL,"8274,31601",SERGIPE
2010-09-01,MAR,GÁS NATURAL,"94756,708",SERGIPE
2010-09-01,TERRA,GÁS NATURAL,"7885,13739",SERGIPE
2011-04-01,MAR,GÁS NATURAL,"86308,62444",SERGIPE
2011-04-01,TERRA,GÁS NATURAL,"8201,66075",SERGIPE
2011-08-01,MAR,GÁS NATURAL,"89704,1667",SERGIPE
2011-08-01,TERRA,GÁS NATURAL,"9100,37197",SERGIPE
2011-12-01,MAR,GÁS NATURAL,"81667,34697",SERGIPE
2011-12-01,TERRA,GÁS NATURAL,"8778,52923",SERGIPE
2011-02-01,MAR,GÁS NATURAL,"90350,68476",SERGIPE
2011-02-01,TERRA,GÁS NATURAL,"8255,21256",SERGIPE
2011-01-01,MAR,GÁS NATURAL,"96925,6867",SERGIPE
2011-01-01,TERRA,GÁS NATURAL,"8264,19416",SERGIPE
2011-07-01,MAR,GÁS NATURAL,"84161,53968",SERGIPE
2011-07-01,TERRA,GÁS NATURAL,"8086,38925",SERGIPE
2011-06-01,MAR,GÁS NATURAL,"86227,04864",SERGIPE
2011-06-01,TERRA,GÁS NATURAL,"7759,67079",SERGIPE
2011-05-01,MAR,GÁS NATURAL,"96755,42405",SERGIPE
2011-05-01,TERRA,GÁS NATURAL,"8339,14684",SERGIPE
2011-03-01,MAR,GÁS NATURAL,"83291,33253",SERGIPE
2011-03-01,TERRA,GÁS NATURAL,"9384,42823",SERGIPE
2011-11-01,MAR,GÁS NATURAL,"76121,94932",SERGIPE
2011-11-01,TERRA,GÁS NATURAL,"8427,70387",SERGIPE
2011-10-01,MAR,GÁS NATURAL,"66440,24829",SERGIPE
2011-10-01,TERRA,GÁS NATURAL,"8840,54908",SERGIPE
2011-09-01,MAR,GÁS NATURAL,"61287,14269",SERGIPE
2011-09-01,TERRA,GÁS NATURAL,"8508,81713",SERGIPE
2012-04-01,MAR,GÁS NATURAL,"72993,01579",SERGIPE
2012-04-01,TERRA,GÁS NATURAL,"8319,39117",SERGIPE
2012-08-01,MAR,GÁS NATURAL,"85839,83926",SERGIPE
2012-08-01,TERRA,GÁS NATURAL,"8846,66529",SERGIPE
2012-12-01,MAR,GÁS NATURAL,"80771,93749",SERGIPE
2012-12-01,TERRA,GÁS NATURAL,"8616,71185",SERGIPE
2012-02-01,MAR,GÁS NATURAL,"71237,40864",SERGIPE
2012-02-01,TERRA,GÁS NATURAL,"7667,71905",SERGIPE
2012-01-01,MAR,GÁS NATURAL,"84457,27193",SERGIPE
2012-01-01,TERRA,GÁS NATURAL,"8840,55632",SERGIPE
2012-07-01,MAR,GÁS NATURAL,"77566,61539",SERGIPE
2012-07-01,TERRA,GÁS NATURAL,"9095,97208",SERGIPE
2012-06-01,MAR,GÁS NATURAL,"80465,06832",SERGIPE
2012-06-01,TERRA,GÁS NATURAL,"8637,59208",SERGIPE
2012-05-01,MAR,GÁS NATURAL,"79013,28409",SERGIPE
2012-05-01,TERRA,GÁS NATURAL,"8693,04962",SERGIPE
2012-03-01,MAR,GÁS NATURAL,"85959,86217",SERGIPE
2012-03-01,TERRA,GÁS NATURAL,"8228,39781",SERGIPE
2012-11-01,MAR,GÁS NATURAL,"48129,72928",SERGIPE
2012-11-01,TERRA,GÁS NATURAL,"8659,77523",SERGIPE
2012-10-01,MAR,GÁS NATURAL,"83022,72724",SERGIPE
2012-10-01,TERRA,GÁS NATURAL,"8741,65033",SERGIPE
2012-09-01,MAR,GÁS NATURAL,"77576,35751",SERGIPE
2012-09-01,TERRA,GÁS NATURAL,"8468,26799",SERGIPE
2013-04-01,MAR,GÁS NATURAL,"75111,3907",SERGIPE
2013-04-01,TERRA,GÁS NATURAL,"7979,22658",SERGIPE
2013-08-01,MAR,GÁS NATURAL,"87072,09889",SERGIPE
2013-08-01,TERRA,GÁS NATURAL,"7195,32049",SERGIPE
2013-12-01,MAR,GÁS NATURAL,"85049,91134",SERGIPE
2013-12-01,TERRA,GÁS NATURAL,"7808,58151",SERGIPE
2013-02-01,MAR,GÁS NATURAL,"72065,02489",SERGIPE
2013-02-01,TERRA,GÁS NATURAL,"7912,70154",SERGIPE
2013-01-01,MAR,GÁS NATURAL,"84358,41697",SERGIPE
2013-01-01,TERRA,GÁS NATURAL,"8556,10734",SERGIPE
2013-07-01,MAR,GÁS NATURAL,"72056,51905",SERGIPE
2013-07-01,TERRA,GÁS NATURAL,"7640,07074",SERGIPE
2013-06-01,MAR,GÁS NATURAL,"76797,5234",SERGIPE
2013-06-01,TERRA,GÁS NATURAL,"7431,35513",SERGIPE
2013-05-01,MAR,GÁS NATURAL,"76368,92258",SERGIPE
2013-05-01,TERRA,GÁS NATURAL,"7478,22757",SERGIPE
2013-03-01,MAR,GÁS NATURAL,"77651,92071",SERGIPE
2013-03-01,TERRA,GÁS NATURAL,"8856,74739",SERGIPE
2013-11-01,MAR,GÁS NATURAL,"84701,74872",SERGIPE
2013-11-01,TERRA,GÁS NATURAL,"7282,24401",SERGIPE
2013-10-01,MAR,GÁS NATURAL,"87247,92782",SERGIPE
2013-10-01,TERRA,GÁS NATURAL,"7483,63168",SERGIPE
2013-09-01,MAR,GÁS NATURAL,"85229,90867",SERGIPE
2013-09-01,TERRA,GÁS NATURAL,"7368,08938",SERGIPE
2014-04-01,MAR,GÁS NATURAL,"83831,25945",SERGIPE
2014-04-01,TERRA,GÁS NATURAL,"8616,32097",SERGIPE
2014-08-01,MAR,GÁS NATURAL,"84644,48662",SERGIPE
2014-08-01,TERRA,GÁS NATURAL,"7882,03402",SERGIPE
2014-12-01,MAR,GÁS NATURAL,"84349,01179",SERGIPE
2014-12-01,TERRA,GÁS NATURAL,"7957,90398",SERGIPE
2014-02-01,MAR,GÁS NATURAL,"73859,96876",SERGIPE
2014-02-01,TERRA,GÁS NATURAL,"7723,93177",SERGIPE
2014-01-01,MAR,GÁS NATURAL,"58386,05157",SERGIPE
2014-01-01,TERRA,GÁS NATURAL,"8037,82212",SERGIPE
2014-07-01,MAR,GÁS NATURAL,"84789,95654",SERGIPE
2014-07-01,TERRA,GÁS NATURAL,"8160,99832",SERGIPE
2014-06-01,MAR,GÁS NATURAL,"81503,9268",SERGIPE
2014-06-01,TERRA,GÁS NATURAL,"8109,09634",SERGIPE
2014-05-01,MAR,GÁS NATURAL,"82958,48835",SERGIPE
2014-05-01,TERRA,GÁS NATURAL,"8570,5631",SERGIPE
2014-03-01,MAR,GÁS NATURAL,"85579,43749",SERGIPE
2014-03-01,TERRA,GÁS NATURAL,"8702,51008",SERGIPE
2014-11-01,MAR,GÁS NATURAL,"77321,50644",SERGIPE
2014-11-01,TERRA,GÁS NATURAL,"7466,46408",SERGIPE
2014-10-01,MAR,GÁS NATURAL,"81553,22759",SERGIPE
2014-10-01,TERRA,GÁS NATURAL,"8342,28087",SERGIPE
2014-09-01,MAR,GÁS NATURAL,"81812,08861",SERGIPE
2014-09-01,TERRA,GÁS NATURAL,"7831,58061",SERGIPE
2015-04-01,MAR,GÁS NATURAL,"80007,18448",SERGIPE
2015-04-01,TERRA,GÁS NATURAL,"7287,78102",SERGIPE
2015-08-01,MAR,GÁS NATURAL,"41884,64992",SERGIPE
2015-08-01,TERRA,GÁS NATURAL,"6559,68755",SERGIPE
2015-12-01,MAR,GÁS NATURAL,"55872,71391",SERGIPE
2015-12-01,TERRA,GÁS NATURAL,"6518,25055",SERGIPE
2015-02-01,MAR,GÁS NATURAL,"76016,338",SERGIPE
2015-02-01,TERRA,GÁS NATURAL,"6774,11684",SERGIPE
2015-01-01,MAR,GÁS NATURAL,"84962,42202",SERGIPE
2015-01-01,TERRA,GÁS NATURAL,"7781,45199",SERGIPE
2015-07-01,MAR,GÁS NATURAL,"29421,1511",SERGIPE
2015-07-01,TERRA,GÁS NATURAL,"6650,79592",SERGIPE
2015-06-01,MAR,GÁS NATURAL,"74700,10159",SERGIPE
2015-06-01,TERRA,GÁS NATURAL,"6851,39994",SERGIPE
2015-05-01,MAR,GÁS NATURAL,"82975,72522",SERGIPE
2015-05-01,TERRA,GÁS NATURAL,"7504,3407",SERGIPE
2015-03-01,MAR,GÁS NATURAL,"79623,49459",SERGIPE
2015-03-01,TERRA,GÁS NATURAL,"7464,58044",SERGIPE
2015-11-01,MAR,GÁS NATURAL,"70081,52472",SERGIPE
2015-11-01,TERRA,GÁS NATURAL,"5482,65933",SERGIPE
2015-10-01,MAR,GÁS NATURAL,"56875,07592",SERGIPE
2015-10-01,TERRA,GÁS NATURAL,"7408,56318",SERGIPE
2015-09-01,MAR,GÁS NATURAL,"48177,54695",SERGIPE
2015-09-01,TERRA,GÁS NATURAL,"6928,5323",SERGIPE
2016-04-01,MAR,GÁS NATURAL,"73119,27616",SERGIPE
2016-04-01,TERRA,GÁS NATURAL,"5730,06502",SERGIPE
2016-08-01,MAR,GÁS NATURAL,"80397,7125",SERGIPE
2016-08-01,TERRA,GÁS NATURAL,"4705,80862",SERGIPE
2016-12-01,MAR,GÁS NATURAL,"63036,94798",SERGIPE
2016-12-01,TERRA,GÁS NATURAL,"4483,39289",SERGIPE
2016-02-01,MAR,GÁS NATURAL,"71677,0224",SERGIPE
2016-02-01,TERRA,GÁS NATURAL,"6288,20524",SERGIPE
2016-01-01,MAR,GÁS NATURAL,"75591,84891",SERGIPE
2016-01-01,TERRA,GÁS NATURAL,"6415,50691",SERGIPE
2016-07-01,MAR,GÁS NATURAL,"78796,19722",SERGIPE
2016-07-01,TERRA,GÁS NATURAL,"5132,93312",SERGIPE
2016-06-01,MAR,GÁS NATURAL,"73961,97034",SERGIPE
2016-06-01,TERRA,GÁS NATURAL,"5992,47185",SERGIPE
2016-05-01,MAR,GÁS NATURAL,"77728,784",SERGIPE
2016-05-01,TERRA,GÁS NATURAL,"5390,11925",SERGIPE
2016-03-01,MAR,GÁS NATURAL,"73352,4891",SERGIPE
2016-03-01,TERRA,GÁS NATURAL,"6576,02475",SERGIPE
2016-11-01,MAR,GÁS NATURAL,"66051,05275",SERGIPE
2016-11-01,TERRA,GÁS NATURAL,"4689,51965",SERGIPE
2016-10-01,MAR,GÁS NATURAL,"75080,54758",SERGIPE
2016-10-01,TERRA,GÁS NATURAL,"5057,38812",SERGIPE
2016-09-01,MAR,GÁS NATURAL,"75087,5547",SERGIPE
2016-09-01,TERRA,GÁS NATURAL,"4875,39474",SERGIPE
2017-04-01,MAR,GÁS NATURAL,"61375,77924",SERGIPE
2017-04-01,TERRA,GÁS NATURAL,"4442,64624",SERGIPE
2017-08-01,MAR,GÁS NATURAL,"68094,40607",SERGIPE
2017-08-01,TERRA,GÁS NATURAL,"4718,94533",SERGIPE
2017-12-01,MAR,GÁS NATURAL,"73345,51795",SERGIPE
2017-12-01,TERRA,GÁS NATURAL,"3892,29071",SERGIPE
2017-02-01,MAR,GÁS NATURAL,"55509,21004",SERGIPE
2017-02-01,TERRA,GÁS NATURAL,"3955,29269",SERGIPE
2017-01-01,MAR,GÁS NATURAL,"61385,20254",SERGIPE
2017-01-01,TERRA,GÁS NATURAL,"4406,03065",SERGIPE
2017-07-01,MAR,GÁS NATURAL,"67558,97889",SERGIPE
2017-07-01,TERRA,GÁS NATURAL,"3791,85842",SERGIPE
2017-06-01,MAR,GÁS NATURAL,"40633,08827",SERGIPE
2017-06-01,TERRA,GÁS NATURAL,"3746,95156",SERGIPE
2017-05-01,MAR,GÁS NATURAL,"68539,6456",SERGIPE
2017-05-01,TERRA,GÁS NATURAL,"4447,31427",SERGIPE
2017-03-01,MAR,GÁS NATURAL,"62203,11092",SERGIPE
2017-03-01,TERRA,GÁS NATURAL,"4248,51298",SERGIPE
2017-11-01,MAR,GÁS NATURAL,"69055,41379",SERGIPE
2017-11-01,TERRA,GÁS NATURAL,"3860,95199",SERGIPE
2017-10-01,MAR,GÁS NATURAL,"68455,56185",SERGIPE
2017-10-01,TERRA,GÁS NATURAL,"4310,424",SERGIPE
2017-09-01,MAR,GÁS NATURAL,"65615,55285",SERGIPE
2017-09-01,TERRA,GÁS NATURAL,"4192,50997",SERGIPE
2018-04-01,MAR,GÁS NATURAL,"45521,05304",SERGIPE
2018-04-01,TERRA,GÁS NATURAL,"3083,27908",SERGIPE
2018-08-01,MAR,GÁS NATURAL,"63851,97274",SERGIPE
2018-08-01,TERRA,GÁS NATURAL,"2793,97786",SERGIPE
2018-12-01,MAR,GÁS NATURAL,"66712,98271",SERGIPE
2018-12-01,TERRA,GÁS NATURAL,"3080,1641",SERGIPE
2018-02-01,MAR,GÁS NATURAL,"60755,00311",SERGIPE
2018-02-01,TERRA,GÁS NATURAL,"3495,94481",SERGIPE
2018-01-01,MAR,GÁS NATURAL,"72870,61446",SERGIPE
2018-01-01,TERRA,GÁS NATURAL,"4225,07293",SERGIPE
2018-07-01,MAR,GÁS NATURAL,"64388,72711",SERGIPE
2018-07-01,TERRA,GÁS NATURAL,"2957,36176",SERGIPE
2018-06-01,MAR,GÁS NATURAL,"63216,38884",SERGIPE
2018-06-01,TERRA,GÁS NATURAL,"2763,93493",SERGIPE
2018-05-01,MAR,GÁS NATURAL,"63321,70874",SERGIPE
2018-05-01,TERRA,GÁS NATURAL,"2828,62664",SERGIPE
2018-03-01,MAR,GÁS NATURAL,"61159,03676",SERGIPE
2018-03-01,TERRA,GÁS NATURAL,"3510,20167",SERGIPE
2018-11-01,MAR,GÁS NATURAL,"63282,05383",SERGIPE
2018-11-01,TERRA,GÁS NATURAL,"2855,45542",SERGIPE
2018-10-01,MAR,GÁS NATURAL,"66377,65739",SERGIPE
2018-10-01,TERRA,GÁS NATURAL,"2980,58242",SERGIPE
2018-09-01,MAR,GÁS NATURAL,"62426,29676",SERGIPE
2018-09-01,TERRA,GÁS NATURAL,"2872,07473",SERGIPE
2019-04-01,MAR,GÁS NATURAL,"52774,80544",SERGIPE
2019-04-01,TERRA,GÁS NATURAL,"3365,58004",SERGIPE
2019-08-01,MAR,GÁS NATURAL,"33307,93059",SERGIPE
2019-08-01,TERRA,GÁS NATURAL,"3568,23325",SERGIPE
2019-12-01,MAR,GÁS NATURAL,"39508,92922",SERGIPE
2019-12-01,TERRA,GÁS NATURAL,"3377,5109",SERGIPE
2019-02-01,MAR,GÁS NATURAL,"46607,8869",SERGIPE
2019-02-01,TERRA,GÁS NATURAL,"2857,50131",SERGIPE
2019-01-01,MAR,GÁS NATURAL,"59946,77809",SERGIPE
2019-01-01,TERRA,GÁS NATURAL,"3280,59765",SERGIPE
2019-07-01,MAR,GÁS NATURAL,"55006,52999",SERGIPE
2019-07-01,TERRA,GÁS NATURAL,"3573,0268",SERGIPE
2019-06-01,MAR,GÁS NATURAL,"56104,69676",SERGIPE
2019-06-01,TERRA,GÁS NATURAL,"3258,93831",SERGIPE
2019-05-01,MAR,GÁS NATURAL,"54262,33912",SERGIPE
2019-05-01,TERRA,GÁS NATURAL,"3492,83996",SERGIPE
2019-03-01,MAR,GÁS NATURAL,"54533,6094",SERGIPE
2019-03-01,TERRA,GÁS NATURAL,"3033,5228",SERGIPE
2019-11-01,MAR,GÁS NATURAL,"38000,16644",SERGIPE
2019-11-01,TERRA,GÁS NATURAL,"3281,47135",SERGIPE
2019-10-01,MAR,GÁS NATURAL,"56901,68822",SERGIPE
2019-10-01,TERRA,GÁS NATURAL,"3750,93286",SERGIPE
2019-09-01,MAR,GÁS NATURAL,"58058,31062",SERGIPE
2019-09-01,TERRA,GÁS NATURAL,"3579,16777",SERGIPE
2020-04-01,MAR,GÁS NATURAL,"9348,85486",SERGIPE
2020-04-01,TERRA,GÁS NATURAL,"2245,93457",SERGIPE
2020-08-01,MAR,GÁS NATURAL,"294,31433",SERGIPE
2020-08-01,TERRA,GÁS NATURAL,"1821,69613",SERGIPE
2020-12-01,MAR,GÁS NATURAL,"226,94107",SERGIPE
2020-12-01,TERRA,GÁS NATURAL,"1444,49876",SERGIPE
2020-02-01,MAR,GÁS NATURAL,"43054,3275",SERGIPE
2020-02-01,TERRA,GÁS NATURAL,"2885,89494",SERGIPE
2020-01-01,MAR,GÁS NATURAL,"41391,49751",SERGIPE
2020-01-01,TERRA,GÁS NATURAL,"3152,8239",SERGIPE
2020-07-01,MAR,GÁS NATURAL,"253,77842",SERGIPE
2020-07-01,TERRA,GÁS NATURAL,"1945,11409",SERGIPE
2020-06-01,MAR,GÁS NATURAL,"262,88267",SERGIPE
2020-06-01,TERRA,GÁS NATURAL,"1869,25348",SERGIPE
2020-05-01,MAR,GÁS NATURAL,"255,829",SERGIPE
2020-05-01,TERRA,GÁS NATURAL,"2095,08237",SERGIPE
2020-03-01,MAR,GÁS NATURAL,"52098,0665",SERGIPE
2020-03-01,TERRA,GÁS NATURAL,"2981,4437",SERGIPE
2020-11-01,MAR,GÁS NATURAL,"273,57",SERGIPE
2020-11-01,TERRA,GÁS NATURAL,"1605,07278",SERGIPE
2020-10-01,MAR,GÁS NATURAL,"223,231",SERGIPE
2020-10-01,TERRA,GÁS NATURAL,"1794,96026",SERGIPE
2020-09-01,MAR,GÁS NATURAL,"252,229",SERGIPE
2020-09-01,TERRA,GÁS NATURAL,"1638,12614",SERGIPE
2021-04-01,MAR,GÁS NATURAL,"190,834",SERGIPE
2021-04-01,TERRA,GÁS NATURAL,"1381,61418",SERGIPE
2021-08-01,MAR,GÁS NATURAL,"60,21733",SERGIPE
2021-08-01,TERRA,GÁS NATURAL,"1349,14461",SERGIPE
2021-12-01,MAR,GÁS NATURAL,"27,71665",SERGIPE
2021-12-01,TERRA,GÁS NATURAL,"1315,75289",SERGIPE
2021-02-01,MAR,GÁS NATURAL,"261,087",SERGIPE
2021-02-01,TERRA,GÁS NATURAL,"1540,0554",SERGIPE
2021-01-01,MAR,GÁS NATURAL,"253,778",SERGIPE
2021-01-01,TERRA,GÁS NATURAL,"1514,2979",SERGIPE
2021-07-01,MAR,GÁS NATURAL,"240,21738",SERGIPE
2021-07-01,TERRA,GÁS NATURAL,"1374,48223",SERGIPE
2021-06-01,MAR,GÁS NATURAL,"191,95944",SERGIPE
2021-06-01,TERRA,GÁS NATURAL,"1310,14326",SERGIPE
2021-05-01,MAR,GÁS NATURAL,"202,856",SERGIPE
2021-05-01,TERRA,GÁS NATURAL,"1401,74202",SERGIPE
2021-03-01,MAR,GÁS NATURAL,"256,113",SERGIPE
2021-03-01,TERRA,GÁS NATURAL,"1591,15982",SERGIPE
2021-11-01,MAR,GÁS NATURAL,"12,22866",SERGIPE
2021-11-01,TERRA,GÁS NATURAL,"1198,12993",SERGIPE
2021-10-01,MAR,GÁS NATURAL,"2,03743",SERGIPE
2021-10-01,TERRA,GÁS NATURAL,"1361,36245",SERGIPE
2021-09-01,MAR,GÁS NATURAL,"0,8059",SERGIPE
2021-09-01,TERRA,GÁS NATURAL,"1210,80126",SERGIPE
2022-04-01,MAR,GÁS NATURAL,"78,43979",SERGIPE
2022-04-01,TERRA,GÁS NATURAL,"1269,63687",SERGIPE
2022-08-01,MAR,GÁS NATURAL,"94,09785",SERGIPE
2022-08-01,TERRA,GÁS NATURAL,"79,87931",SERGIPE
2022-12-01,MAR,GÁS NATURAL,"87,15384",SERGIPE
2022-12-01,TERRA,GÁS NATURAL,"1081,77968",SERGIPE
2022-02-01,MAR,GÁS NATURAL,"72,09924",SERGIPE
2022-02-01,TERRA,GÁS NATURAL,"926,4301",SERGIPE
2022-01-01,MAR,GÁS NATURAL,"46,22629",SERGIPE
2022-01-01,TERRA,GÁS NATURAL,"1108,86127",SERGIPE
2022-07-01,MAR,GÁS NATURAL,"85,50761",SERGIPE
2022-07-01,TERRA,GÁS NATURAL,"90,17893",SERGIPE
2022-06-01,MAR,GÁS NATURAL,"93,47567",SERGIPE
2022-06-01,TERRA,GÁS NATURAL,"80,09618",SERGIPE
2022-05-01,MAR,GÁS NATURAL,"86,74005",SERGIPE
2022-05-01,TERRA,GÁS NATURAL,"820,70526",SERGIPE
2022-03-01,MAR,GÁS NATURAL,"76,20181",SERGIPE
2022-03-01,TERRA,GÁS NATURAL,"1484,9844",SERGIPE
2022-11-01,MAR,GÁS NATURAL,"91,51103",SERGIPE
2022-11-01,TERRA,GÁS NATURAL,"743,38803",SERGIPE
2022-10-01,MAR,GÁS NATURAL,"99,03172",SERGIPE
2022-10-01,TERRA,GÁS NATURAL,"331,7614",SERGIPE
2022-09-01,MAR,GÁS NATURAL,"94,95712",SERGIPE
2022-09-01,TERRA,GÁS NATURAL,"83,12143",SERGIPE
2023-04-01,MAR,GÁS NATURAL,"83,63",SERGIPE
2023-04-01,TERRA,GÁS NATURAL,"1473,559",SERGIPE
2023-08-01,MAR,GÁS NATURAL,"54,529",SERGIPE
2023-08-01,TERRA,GÁS NATURAL,"1739,312",SERGIPE
2023-02-01,MAR,GÁS NATURAL,"86,386",SERGIPE
2023-02-01,TERRA,GÁS NATURAL,"1067,749",SERGIPE
2023-01-01,MAR,GÁS NATURAL,"86,289",SERGIPE
2023-01-01,TERRA,GÁS NATURAL,"1168,05",SERGIPE
2023-07-01,MAR,GÁS NATURAL,"66,231",SERGIPE
2023-07-01,TERRA,GÁS NATURAL,"1466,205",SERGIPE
2023-06-01,MAR,GÁS NATURAL,"74,974",SERGIPE
2023-06-01,TERRA,GÁS NATURAL,"1449,328",SERGIPE
2023-05-01,MAR,GÁS NATURAL,"84,584",SERGIPE
2023-05-01,TERRA,GÁS NATURAL,"1531,448",SERGIPE
2023-03-01,MAR,GÁS NATURAL,"92,61",SERGIPE
2023-03-01,TERRA,GÁS NATURAL,"1557,696",SERGIPE
2023-09-01,MAR,GÁS NATURAL,"58,752",SERGIPE
2023-09-01,TERRA,GÁS NATURAL,"1615,853",SERGIPE
1997-04-01,NÃO SE APLICA,LGN,"20951,0",SERGIPE
1997-08-01,NÃO SE APLICA,LGN,"24698,0",SERGIPE
1997-12-01,NÃO SE APLICA,LGN,"23230,0",SERGIPE
1997-02-01,NÃO SE APLICA,LGN,"19007,0",SERGIPE
1997-01-01,NÃO SE APLICA,LGN,"18978,0",SERGIPE
1997-07-01,NÃO SE APLICA,LGN,"23232,0",SERGIPE
1997-06-01,NÃO SE APLICA,LGN,"22449,0",SERGIPE
1997-05-01,NÃO SE APLICA,LGN,"24757,0",SERGIPE
1997-03-01,NÃO SE APLICA,LGN,"19807,0",SERGIPE
1997-11-01,NÃO SE APLICA,LGN,"22027,0",SERGIPE
1997-10-01,NÃO SE APLICA,LGN,"21890,0",SERGIPE
1997-09-01,NÃO SE APLICA,LGN,"22749,0",SERGIPE
1998-04-01,NÃO SE APLICA,LGN,"131778,0699",SERGIPE
1998-08-01,NÃO SE APLICA,LGN,"155346,0346",SERGIPE
1998-12-01,NÃO SE APLICA,LGN,"146112,5752",SERGIPE
1998-02-01,NÃO SE APLICA,LGN,"119550,6551",SERGIPE
1998-01-01,NÃO SE APLICA,LGN,"119368,2502",SERGIPE
1998-07-01,NÃO SE APLICA,LGN,"146125,1549",SERGIPE
1998-06-01,NÃO SE APLICA,LGN,"141200,2239",SERGIPE
1998-05-01,NÃO SE APLICA,LGN,"155717,1341",SERGIPE
1998-03-01,NÃO SE APLICA,LGN,"124582,513",SERGIPE
1998-11-01,NÃO SE APLICA,LGN,"138545,9188",SERGIPE
1998-10-01,NÃO SE APLICA,LGN,"137684,2132",SERGIPE
1998-09-01,NÃO SE APLICA,LGN,"143087,1706",SERGIPE
1999-04-01,NÃO SE APLICA,LGN,"24546,0",SERGIPE
1999-08-01,NÃO SE APLICA,LGN,"23247,0",SERGIPE
1999-12-01,NÃO SE APLICA,LGN,"24640,0",SERGIPE
1999-02-01,NÃO SE APLICA,LGN,"22448,0",SERGIPE
1999-01-01,NÃO SE APLICA,LGN,"24629,0",SERGIPE
1999-07-01,NÃO SE APLICA,LGN,"22323,0",SERGIPE
1999-06-01,NÃO SE APLICA,LGN,"24653,0",SERGIPE
1999-05-01,NÃO SE APLICA,LGN,"25678,0",SERGIPE
1999-03-01,NÃO SE APLICA,LGN,"25737,0",SERGIPE
1999-11-01,NÃO SE APLICA,LGN,"25481,0",SERGIPE
1999-10-01,NÃO SE APLICA,LGN,"25601,0",SERGIPE
1999-09-01,NÃO SE APLICA,LGN,"24686,0",SERGIPE
2000-04-01,NÃO SE APLICA,LGN,"25440,0",SERGIPE
2000-08-01,NÃO SE APLICA,LGN,"27353,0",SERGIPE
2000-12-01,NÃO SE APLICA,LGN,"26071,0",SERGIPE
2000-02-01,NÃO SE APLICA,LGN,"25123,0",SERGIPE
2000-01-01,NÃO SE APLICA,LGN,"26480,0",SERGIPE
2000-07-01,NÃO SE APLICA,LGN,"26914,0",SERGIPE
2000-06-01,NÃO SE APLICA,LGN,"26044,0",SERGIPE
2000-05-01,NÃO SE APLICA,LGN,"26406,0",SERGIPE
2000-03-01,NÃO SE APLICA,LGN,"26572,0",SERGIPE
2000-11-01,NÃO SE APLICA,LGN,"13928,0",SERGIPE
2000-10-01,NÃO SE APLICA,LGN,"26965,0",SERGIPE
2000-09-01,NÃO SE APLICA,LGN,"26129,0",SERGIPE
2001-04-01,NÃO SE APLICA,LGN,"18378,0",SERGIPE
2001-08-01,NÃO SE APLICA,LGN,"26465,0",SERGIPE
2001-12-01,NÃO SE APLICA,LGN,"26876,0",SERGIPE
2001-02-01,NÃO SE APLICA,LGN,"23797,0",SERGIPE
2001-01-01,NÃO SE APLICA,LGN,"26536,0",SERGIPE
2001-07-01,NÃO SE APLICA,LGN,"27236,0",SERGIPE
2001-06-01,NÃO SE APLICA,LGN,"25806,0",SERGIPE
2001-05-01,NÃO SE APLICA,LGN,"22691,0",SERGIPE
2001-03-01,NÃO SE APLICA,LGN,"25605,0",SERGIPE
2001-11-01,NÃO SE APLICA,LGN,"25852,0",SERGIPE
2001-10-01,NÃO SE APLICA,LGN,"26322,0",SERGIPE
2001-09-01,NÃO SE APLICA,LGN,"23625,0",SERGIPE
2002-04-01,NÃO SE APLICA,LGN,"23065,0",SERGIPE
2002-08-01,NÃO SE APLICA,LGN,"25580,0",SERGIPE
2002-12-01,NÃO SE APLICA,LGN,"24957,0",SERGIPE
2002-02-01,NÃO SE APLICA,LGN,"24096,0",SERGIPE
2002-01-01,NÃO SE APLICA,LGN,"27239,0",SERGIPE
2002-07-01,NÃO SE APLICA,LGN,"25911,0",SERGIPE
2002-06-01,NÃO SE APLICA,LGN,"24854,0",SERGIPE
2002-05-01,NÃO SE APLICA,LGN,"24983,0",SERGIPE
2002-03-01,NÃO SE APLICA,LGN,"25381,0",SERGIPE
2002-11-01,NÃO SE APLICA,LGN,"24648,0",SERGIPE
2002-10-01,NÃO SE APLICA,LGN,"24992,0",SERGIPE
2002-09-01,NÃO SE APLICA,LGN,"24400,0",SERGIPE
2003-04-01,NÃO SE APLICA,LGN,"20841,0",SERGIPE
2003-08-01,NÃO SE APLICA,LGN,"25463,0",SERGIPE
2003-12-01,NÃO SE APLICA,LGN,"24965,0",SERGIPE
2003-02-01,NÃO SE APLICA,LGN,"20388,0",SERGIPE
2003-01-01,NÃO SE APLICA,LGN,"24971,0",SERGIPE
2003-07-01,NÃO SE APLICA,LGN,"23560,0",SERGIPE
2003-06-01,NÃO SE APLICA,LGN,"22761,0",SERGIPE
2003-05-01,NÃO SE APLICA,LGN,"23510,0",SERGIPE
2003-03-01,NÃO SE APLICA,LGN,"25907,0",SERGIPE
2003-11-01,NÃO SE APLICA,LGN,"24041,0",SERGIPE
2003-10-01,NÃO SE APLICA,LGN,"24023,0",SERGIPE
2003-09-01,NÃO SE APLICA,LGN,"24294,0",SERGIPE
2004-04-01,NÃO SE APLICA,LGN,"24411,0",SERGIPE
2004-08-01,NÃO SE APLICA,LGN,"25873,0",SERGIPE
2004-12-01,NÃO SE APLICA,LGN,"25343,0",SERGIPE
2004-02-01,NÃO SE APLICA,LGN,"23497,0",SERGIPE
2004-01-01,NÃO SE APLICA,LGN,"23975,0",SERGIPE
2004-07-01,NÃO SE APLICA,LGN,"24979,0",SERGIPE
2004-06-01,NÃO SE APLICA,LGN,"23413,0",SERGIPE
2004-05-01,NÃO SE APLICA,LGN,"21313,0",SERGIPE
2004-03-01,NÃO SE APLICA,LGN,"25118,0",SERGIPE
2004-11-01,NÃO SE APLICA,LGN,"24463,0",SERGIPE
2004-10-01,NÃO SE APLICA,LGN,"25566,0",SERGIPE
2004-09-01,NÃO SE APLICA,LGN,"24720,0",SERGIPE
2005-04-01,NÃO SE APLICA,LGN,"23924,0",SERGIPE
2005-08-01,NÃO SE APLICA,LGN,"25213,0",SERGIPE
2005-12-01,NÃO SE APLICA,LGN,"24602,0",SERGIPE
2005-02-01,NÃO SE APLICA,LGN,"22710,0",SERGIPE
2005-01-01,NÃO SE APLICA,LGN,"24972,0",SERGIPE
2005-07-01,NÃO SE APLICA,LGN,"25582,0",SERGIPE
2005-06-01,NÃO SE APLICA,LGN,"24359,0",SERGIPE
2005-05-01,NÃO SE APLICA,LGN,"24053,0",SERGIPE
2005-03-01,NÃO SE APLICA,LGN,"24836,0",SERGIPE
2005-11-01,NÃO SE APLICA,LGN,"24169,0",SERGIPE
2005-10-01,NÃO SE APLICA,LGN,"26281,0",SERGIPE
2005-09-01,NÃO SE APLICA,LGN,"24180,0",SERGIPE
2006-04-01,NÃO SE APLICA,LGN,"24527,0",SERGIPE
2006-08-01,NÃO SE APLICA,LGN,"25491,0",SERGIPE
2006-12-01,NÃO SE APLICA,LGN,"25271,0",SERGIPE
2006-02-01,NÃO SE APLICA,LGN,"23056,0",SERGIPE
2006-01-01,NÃO SE APLICA,LGN,"24843,0",SERGIPE
2006-07-01,NÃO SE APLICA,LGN,"25344,0",SERGIPE
2006-06-01,NÃO SE APLICA,LGN,"25090,0",SERGIPE
2006-05-01,NÃO SE APLICA,LGN,"25719,0",SERGIPE
2006-03-01,NÃO SE APLICA,LGN,"11740,0",SERGIPE
2006-11-01,NÃO SE APLICA,LGN,"23278,0",SERGIPE
2006-10-01,NÃO SE APLICA,LGN,"23622,0",SERGIPE
2006-09-01,NÃO SE APLICA,LGN,"24562,0",SERGIPE
2007-04-01,NÃO SE APLICA,LGN,"21384,0",SERGIPE
2007-08-01,NÃO SE APLICA,LGN,"23805,0",SERGIPE
2007-12-01,NÃO SE APLICA,LGN,"22898,0",SERGIPE
2007-02-01,NÃO SE APLICA,LGN,"21968,0",SERGIPE
2007-01-01,NÃO SE APLICA,LGN,"25496,0",SERGIPE
2007-07-01,NÃO SE APLICA,LGN,"23875,0",SERGIPE
2007-06-01,NÃO SE APLICA,LGN,"22080,0",SERGIPE
2007-05-01,NÃO SE APLICA,LGN,"18737,0",SERGIPE
2007-03-01,NÃO SE APLICA,LGN,"24212,0",SERGIPE
2007-11-01,NÃO SE APLICA,LGN,"22033,0",SERGIPE
2007-10-01,NÃO SE APLICA,LGN,"23866,0",SERGIPE
2007-09-01,NÃO SE APLICA,LGN,"24017,0",SERGIPE
2008-04-01,NÃO SE APLICA,LGN,"22341,0",SERGIPE
2008-08-01,NÃO SE APLICA,LGN,"23413,9993",SERGIPE
2008-12-01,NÃO SE APLICA,LGN,"21243,0011",SERGIPE
2008-02-01,NÃO SE APLICA,LGN,"20461,0",SERGIPE
2008-01-01,NÃO SE APLICA,LGN,"22454,0",SERGIPE
2008-07-01,NÃO SE APLICA,LGN,"22084,0001",SERGIPE
2008-06-01,NÃO SE APLICA,LGN,"21446,001",SERGIPE
2008-05-01,NÃO SE APLICA,LGN,"22333,0",SERGIPE
2008-03-01,NÃO SE APLICA,LGN,"22425,0",SERGIPE
2008-11-01,NÃO SE APLICA,LGN,"20454,0",SERGIPE
2008-10-01,NÃO SE APLICA,LGN,"19738,9989",SERGIPE
2008-09-01,NÃO SE APLICA,LGN,"21581,001",SERGIPE
2009-04-01,NÃO SE APLICA,LGN,"20352,999",SERGIPE
2009-08-01,NÃO SE APLICA,LGN,"19636,0014",SERGIPE
2009-12-01,NÃO SE APLICA,LGN,"20058,9995",SERGIPE
2009-02-01,NÃO SE APLICA,LGN,"18858,9996",SERGIPE
2009-01-01,NÃO SE APLICA,LGN,"22225,0005",SERGIPE
2009-07-01,NÃO SE APLICA,LGN,"20578,0015",SERGIPE
2009-06-01,NÃO SE APLICA,LGN,"20096,001",SERGIPE
2009-05-01,NÃO SE APLICA,LGN,"20487,001",SERGIPE
2009-03-01,NÃO SE APLICA,LGN,"21078,9987",SERGIPE
2009-11-01,NÃO SE APLICA,LGN,"19530,0",SERGIPE
2009-10-01,NÃO SE APLICA,LGN,"19538,0011",SERGIPE
2009-09-01,NÃO SE APLICA,LGN,"19464,0",SERGIPE
2010-04-01,NÃO SE APLICA,LGN,"18477,0",SERGIPE
2010-08-01,NÃO SE APLICA,LGN,"19472,0",SERGIPE
2010-12-01,NÃO SE APLICA,LGN,"19253,0",SERGIPE
2010-02-01,NÃO SE APLICA,LGN,"17250,0",SERGIPE
2010-01-01,NÃO SE APLICA,LGN,"19822,0",SERGIPE
2010-07-01,NÃO SE APLICA,LGN,"19943,0",SERGIPE
2010-06-01,NÃO SE APLICA,LGN,"18899,0",SERGIPE
2010-05-01,NÃO SE APLICA,LGN,"19225,0",SERGIPE
2010-03-01,NÃO SE APLICA,LGN,"18557,0",SERGIPE
2010-11-01,NÃO SE APLICA,LGN,"18252,0",SERGIPE
2010-10-01,NÃO SE APLICA,LGN,"19679,0",SERGIPE
2010-09-01,NÃO SE APLICA,LGN,"18162,0",SERGIPE
2011-04-01,NÃO SE APLICA,LGN,"14211,9",SERGIPE
2011-08-01,NÃO SE APLICA,LGN,"15656,1",SERGIPE
2011-12-01,NÃO SE APLICA,LGN,"16836,5",SERGIPE
2011-02-01,NÃO SE APLICA,LGN,"15945,6",SERGIPE
2011-01-01,NÃO SE APLICA,LGN,"18522,8",SERGIPE
2011-07-01,NÃO SE APLICA,LGN,"14478,2",SERGIPE
2011-06-01,NÃO SE APLICA,LGN,"15871,3",SERGIPE
2011-05-01,NÃO SE APLICA,LGN,"17668,9",SERGIPE
2011-03-01,NÃO SE APLICA,LGN,"10940,8",SERGIPE
2011-11-01,NÃO SE APLICA,LGN,"15787,4",SERGIPE
2011-10-01,NÃO SE APLICA,LGN,"16134,4",SERGIPE
2011-09-01,NÃO SE APLICA,LGN,"15096,4",SERGIPE
2012-04-01,NÃO SE APLICA,LGN,"10707,1",SERGIPE
2012-08-01,NÃO SE APLICA,LGN,"16193,1",SERGIPE
2012-12-01,NÃO SE APLICA,LGN,"17393,3",SERGIPE
2012-02-01,NÃO SE APLICA,LGN,"14260,4",SERGIPE
2012-01-01,NÃO SE APLICA,LGN,"16058,3",SERGIPE
2012-07-01,NÃO SE APLICA,LGN,"12701,4",SERGIPE
2012-06-01,NÃO SE APLICA,LGN,"10851,8",SERGIPE
2012-05-01,NÃO SE APLICA,LGN,"10692,0",SERGIPE
2012-03-01,NÃO SE APLICA,LGN,"14311,3",SERGIPE
2012-11-01,NÃO SE APLICA,LGN,"16574,9",SERGIPE
2012-10-01,NÃO SE APLICA,LGN,"13682,2",SERGIPE
2012-09-01,NÃO SE APLICA,LGN,"12246,0",SERGIPE
2013-04-01,NÃO SE APLICA,LGN,"15186,2",SERGIPE
2013-08-01,NÃO SE APLICA,LGN,"14998,4",SERGIPE
2013-12-01,NÃO SE APLICA,LGN,"15576,1",SERGIPE
2013-02-01,NÃO SE APLICA,LGN,"14992,1",SERGIPE
2013-01-01,NÃO SE APLICA,LGN,"16653,1",SERGIPE
2013-07-01,NÃO SE APLICA,LGN,"15326,3",SERGIPE
2013-06-01,NÃO SE APLICA,LGN,"15355,6",SERGIPE
2013-05-01,NÃO SE APLICA,LGN,"14825,2",SERGIPE
2013-03-01,NÃO SE APLICA,LGN,"15537,2",SERGIPE
2013-11-01,NÃO SE APLICA,LGN,"14997,2",SERGIPE
2013-10-01,NÃO SE APLICA,LGN,"14495,7",SERGIPE
2013-09-01,NÃO SE APLICA,LGN,"14777,2",SERGIPE
2014-04-01,NÃO SE APLICA,LGN,"15228,7",SERGIPE
2014-08-01,NÃO SE APLICA,LGN,"14545,5",SERGIPE
2014-12-01,NÃO SE APLICA,LGN,"13264,2",SERGIPE
2014-02-01,NÃO SE APLICA,LGN,"13542,3",SERGIPE
2014-01-01,NÃO SE APLICA,LGN,"15019,1",SERGIPE
2014-07-01,NÃO SE APLICA,LGN,"14900,7",SERGIPE
2014-06-01,NÃO SE APLICA,LGN,"14977,9",SERGIPE
2014-05-01,NÃO SE APLICA,LGN,"16141,5",SERGIPE
2014-03-01,NÃO SE APLICA,LGN,"15178,7",SERGIPE
2014-11-01,NÃO SE APLICA,LGN,"11227,8",SERGIPE
2014-10-01,NÃO SE APLICA,LGN,"14384,8",SERGIPE
2014-09-01,NÃO SE APLICA,LGN,"13936,6",SERGIPE
2015-04-01,NÃO SE APLICA,LGN,"13917,8",SERGIPE
2015-08-01,NÃO SE APLICA,LGN,"11403,3",SERGIPE
2015-12-01,NÃO SE APLICA,LGN,"9425,7",SERGIPE
2015-02-01,NÃO SE APLICA,LGN,"13004,4",SERGIPE
2015-01-01,NÃO SE APLICA,LGN,"14478,2",SERGIPE
2015-07-01,NÃO SE APLICA,LGN,"11946,4",SERGIPE
2015-06-01,NÃO SE APLICA,LGN,"12385,6",SERGIPE
2015-05-01,NÃO SE APLICA,LGN,"12823,9",SERGIPE
2015-03-01,NÃO SE APLICA,LGN,"14916,8",SERGIPE
2015-11-01,NÃO SE APLICA,LGN,"5361,7",SERGIPE
2015-10-01,NÃO SE APLICA,LGN,"11384,7",SERGIPE
2015-09-01,NÃO SE APLICA,LGN,"11927,3",SERGIPE
2016-04-01,NÃO SE APLICA,LGN,"9074,1",SERGIPE
2016-08-01,NÃO SE APLICA,LGN,"9273,8",SERGIPE
2016-12-01,NÃO SE APLICA,LGN,"3213,5",SERGIPE
2016-02-01,NÃO SE APLICA,LGN,"8886,4",SERGIPE
2016-01-01,NÃO SE APLICA,LGN,"9118,2",SERGIPE
2016-07-01,NÃO SE APLICA,LGN,"9093,8",SERGIPE
2016-06-01,NÃO SE APLICA,LGN,"8134,5",SERGIPE
2016-05-01,NÃO SE APLICA,LGN,"9412,3",SERGIPE
2016-03-01,NÃO SE APLICA,LGN,"9861,1",SERGIPE
2016-11-01,NÃO SE APLICA,LGN,"7657,6",SERGIPE
2016-10-01,NÃO SE APLICA,LGN,"8933,1",SERGIPE
2016-09-01,NÃO SE APLICA,LGN,"8977,3",SERGIPE
2017-04-01,NÃO SE APLICA,LGN,"6856,1",SERGIPE
2017-08-01,NÃO SE APLICA,LGN,"7185,4",SERGIPE
2017-12-01,NÃO SE APLICA,LGN,"9617,7",SERGIPE
2017-02-01,NÃO SE APLICA,LGN,"6279,5",SERGIPE
2017-01-01,NÃO SE APLICA,LGN,"7743,8",SERGIPE
2017-07-01,NÃO SE APLICA,LGN,"6753,2",SERGIPE
2017-06-01,NÃO SE APLICA,LGN,"6679,0",SERGIPE
2017-05-01,NÃO SE APLICA,LGN,"6777,0",SERGIPE
2017-03-01,NÃO SE APLICA,LGN,"7180,0",SERGIPE
2017-11-01,NÃO SE APLICA,LGN,"7720,9",SERGIPE
2017-10-01,NÃO SE APLICA,LGN,"7765,07",SERGIPE
2017-09-01,NÃO SE APLICA,LGN,"7191,4",SERGIPE
2018-04-01,NÃO SE APLICA,LGN,"6020,0",SERGIPE
2018-08-01,NÃO SE APLICA,LGN,"5969,0",SERGIPE
2018-12-01,NÃO SE APLICA,LGN,"6061,0",SERGIPE
2018-02-01,NÃO SE APLICA,LGN,"6141,6",SERGIPE
2018-01-01,NÃO SE APLICA,LGN,"7289,478",SERGIPE
2018-07-01,NÃO SE APLICA,LGN,"5621,504",SERGIPE
2018-06-01,NÃO SE APLICA,LGN,"5487,042",SERGIPE
2018-05-01,NÃO SE APLICA,LGN,"5549,7",SERGIPE
2018-03-01,NÃO SE APLICA,LGN,"6426,258",SERGIPE
2018-11-01,NÃO SE APLICA,LGN,"5685,5",SERGIPE
2018-10-01,NÃO SE APLICA,LGN,"5916,66",SERGIPE
2018-09-01,NÃO SE APLICA,LGN,"5970,399",SERGIPE
2019-04-01,NÃO SE APLICA,LGN,"5391,2",SERGIPE
2019-08-01,NÃO SE APLICA,LGN,"4054,5",SERGIPE
2019-12-01,NÃO SE APLICA,LGN,"4830,4",SERGIPE
2019-02-01,NÃO SE APLICA,LGN,"3997,1",SERGIPE
2019-01-01,NÃO SE APLICA,LGN,"5711,1",SERGIPE
2019-07-01,NÃO SE APLICA,LGN,"4524,82",SERGIPE
2019-06-01,NÃO SE APLICA,LGN,"4716,577",SERGIPE
2019-05-01,NÃO SE APLICA,LGN,"5361,2",SERGIPE
2019-03-01,NÃO SE APLICA,LGN,"4734,9",SERGIPE
2019-11-01,NÃO SE APLICA,LGN,"3812,4",SERGIPE
2019-10-01,NÃO SE APLICA,LGN,"4339,8",SERGIPE
2019-09-01,NÃO SE APLICA,LGN,"3820,9",SERGIPE
2020-04-01,NÃO SE APLICA,LGN,"0,0",SERGIPE
2020-08-01,NÃO SE APLICA,LGN,"0,0",SERGIPE
2020-12-01,NÃO SE APLICA,LGN,"0,0",SERGIPE
2020-02-01,NÃO SE APLICA,LGN,"5762,358",SERGIPE
2020-01-01,NÃO SE APLICA,LGN,"5560,337",SERGIPE
2020-07-01,NÃO SE APLICA,LGN,"0,0",SERGIPE
2020-06-01,NÃO SE APLICA,LGN,"0,0",SERGIPE
2020-05-01,NÃO SE APLICA,LGN,"0,0",SERGIPE
2020-03-01,NÃO SE APLICA,LGN,"5496,0",SERGIPE
2020-11-01,NÃO SE APLICA,LGN,"0,0",SERGIPE
2020-10-01,NÃO SE APLICA,LGN,"0,0",SERGIPE
2020-09-01,NÃO SE APLICA,LGN,"0,0",SERGIPE
2021-04-01,NÃO SE APLICA,LGN,"0,0",SERGIPE
2021-08-01,NÃO SE APLICA,LGN,"0,0",SERGIPE
2021-12-01,NÃO SE APLICA,LGN,"0,0",SERGIPE
2021-02-01,NÃO SE APLICA,LGN,"0,0",SERGIPE
2021-01-01,NÃO SE APLICA,LGN,"0,0",SERGIPE
2021-07-01,NÃO SE APLICA,LGN,"0,0",SERGIPE
2021-06-01,NÃO SE APLICA,LGN,"0,0",SERGIPE
2021-05-01,NÃO SE APLICA,LGN,"0,0",SERGIPE
2021-03-01,NÃO SE APLICA,LGN,"0,0",SERGIPE
2021-11-01,NÃO SE APLICA,LGN,"0,0",SERGIPE
2021-10-01,NÃO SE APLICA,LGN,"0,0",SERGIPE
2021-09-01,NÃO SE APLICA,LGN,"0,0",SERGIPE
2022-04-01,NÃO SE APLICA,LGN,"0,0",SERGIPE
2022-08-01,NÃO SE APLICA,LGN,"0,0",SERGIPE
2022-12-01,NÃO SE APLICA,LGN,"0,0",SERGIPE
2022-02-01,NÃO SE APLICA,LGN,"0,0",SERGIPE
2022-01-01,NÃO SE APLICA,LGN,"0,0",SERGIPE
2022-07-01,NÃO SE APLICA,LGN,"0,0",SERGIPE
2022-06-01,NÃO SE APLICA,LGN,"0,0",SERGIPE
2022-05-01,NÃO SE APLICA,LGN,"0,0",SERGIPE
2022-03-01,NÃO SE APLICA,LGN,"0,0",SERGIPE
2022-11-01,NÃO SE APLICA,LGN,"0,0",SERGIPE
2022-10-01,NÃO SE APLICA,LGN,"0,0",SERGIPE
2022-09-01,NÃO SE APLICA,LGN,"0,0",SERGIPE
2023-04-01,NÃO SE APLICA,LGN,"0,0",SERGIPE
2023-08-01,NÃO SE APLICA,LGN,"0,0",SERGIPE
2023-02-01,NÃO SE APLICA,LGN,"0,0",SERGIPE
2023-01-01,NÃO SE APLICA,LGN,"0,0",SERGIPE
2023-07-01,NÃO SE APLICA,LGN,"0,0",SERGIPE
2023-06-01,NÃO SE APLICA,LGN,"0,0",SERGIPE
2023-05-01,NÃO SE APLICA,LGN,"0,0",SERGIPE
2023-03-01,NÃO SE APLICA,LGN,"0,0",SERGIPE
2023-09-01,NÃO SE APLICA,LGN,"0,0",SERGIPE
