ANO,LOCALIZAÇÃO,PRODUÇÃO,REGIÃO
1997-01-01,MAR,"33256,0",SERGIPE
1997-02-01,MAR,"34587,0",SERGIPE
1997-03-01,MAR,"33395,0",SERGIPE
1997-04-01,MAR,"32075,0",SERGIPE
1997-05-01,MAR,"36052,0",SERGIPE
1997-06-01,MAR,"34855,0",SERGIPE
1997-07-01,MAR,"35978,0",SERGIPE
1997-08-01,MAR,"34270,0",SERGIPE
1997-09-01,MAR,"39655,0",SERGIPE
1997-10-01,MAR,"38630,0",SERGIPE
1997-11-01,MAR,"36395,0",SERGIPE
1997-12-01,MAR,"38719,0",SERGIPE
1997-01-01,TERRA,"123453,0",SERGIPE
1997-02-01,TERRA,"124334,0",SERGIPE
1997-03-01,TERRA,"127248,0",SERGIPE
1997-04-01,TERRA,"121150,0",SERGIPE
1997-05-01,TERRA,"123758,0",SERGIPE
1997-06-01,TERRA,"122921,0",SERGIPE
1997-07-01,TERRA,"126212,0",SERGIPE
1997-08-01,TERRA,"126845,0",SERGIPE
1997-09-01,TERRA,"118348,0",SERGIPE
1997-10-01,TERRA,"125735,0",SERGIPE
1997-11-01,TERRA,"124150,0",SERGIPE
1997-12-01,TERRA,"128509,0",SERGIPE
1998-01-01,MAR,"40322,0",SERGIPE
1998-02-01,MAR,"35793,0",SERGIPE
1998-03-01,MAR,"42695,0",SERGIPE
1998-04-01,MAR,"46950,0",SERGIPE
1998-05-01,MAR,"53467,0",SERGIPE
1998-06-01,MAR,"49390,0",SERGIPE
1998-07-01,MAR,"59384,0",SERGIPE
1998-08-01,MAR,"55737,0",SERGIPE
1998-09-01,MAR,"52230,0",SERGIPE
1998-10-01,MAR,"49450,0",SERGIPE
1998-11-01,MAR,"52000,0",SERGIPE
1998-12-01,MAR,"72227,0",SERGIPE
1998-01-01,TERRA,"126243,0",SERGIPE
1998-02-01,TERRA,"111723,0",SERGIPE
1998-03-01,TERRA,"122812,0",SERGIPE
1998-04-01,TERRA,"117645,0",SERGIPE
1998-05-01,TERRA,"120795,0",SERGIPE
1998-06-01,TERRA,"117450,0",SERGIPE
1998-07-01,TERRA,"119446,0",SERGIPE
1998-08-01,TERRA,"118266,0",SERGIPE
1998-09-01,TERRA,"116074,0",SERGIPE
1998-10-01,TERRA,"123119,0",SERGIPE
1998-11-01,TERRA,"116920,0",SERGIPE
1998-12-01,TERRA,"121487,0",SERGIPE
1999-01-01,MAR,"59115,0",SERGIPE
1999-02-01,MAR,"57185,0",SERGIPE
1999-03-01,MAR,"67965,0",SERGIPE
1999-04-01,MAR,"69695,0",SERGIPE
1999-05-01,MAR,"73245,0",SERGIPE
1999-06-01,MAR,"71941,0",SERGIPE
1999-07-01,MAR,"73630,0",SERGIPE
1999-08-01,MAR,"68415,0",SERGIPE
1999-09-01,MAR,"67970,0",SERGIPE
1999-10-01,MAR,"66470,0",SERGIPE
1999-11-01,MAR,"65031,6",SERGIPE
1999-12-01,MAR,"66863,04",SERGIPE
1999-01-01,TERRA,"116350,0",SERGIPE
1999-02-01,TERRA,"104032,0",SERGIPE
1999-03-01,TERRA,"115015,0",SERGIPE
1999-04-01,TERRA,"115132,0",SERGIPE
1999-05-01,TERRA,"117063,6",SERGIPE
1999-06-01,TERRA,"114395,0",SERGIPE
1999-07-01,TERRA,"117959,0",SERGIPE
1999-08-01,TERRA,"118631,0",SERGIPE
1999-09-01,TERRA,"115095,0",SERGIPE
1999-10-01,TERRA,"119371,0",SERGIPE
1999-11-01,TERRA,"116490,0",SERGIPE
1999-12-01,TERRA,"119977,0",SERGIPE
2000-01-01,MAR,"67457,34",SERGIPE
2000-02-01,MAR,"60889,2",SERGIPE
2000-03-01,MAR,"65116,84",SERGIPE
2000-04-01,MAR,"61945,2",SERGIPE
2000-05-01,MAR,"64808,09",SERGIPE
2000-06-01,MAR,"62066,63",SERGIPE
2000-07-01,MAR,"60013,49",SERGIPE
2000-08-01,MAR,"61639,85",SERGIPE
2000-09-01,MAR,"57961,17",SERGIPE
2000-10-01,MAR,"55996,98",SERGIPE
2000-11-01,MAR,"54130,0",SERGIPE
2000-12-01,MAR,"53573,0",SERGIPE
2000-01-01,TERRA,"118782,0",SERGIPE
2000-02-01,TERRA,"112772,0",SERGIPE
2000-03-01,TERRA,"120995,0",SERGIPE
2000-04-01,TERRA,"116268,0",SERGIPE
2000-05-01,TERRA,"121387,0",SERGIPE
2000-06-01,TERRA,"116405,0",SERGIPE
2000-07-01,TERRA,"118485,0",SERGIPE
2000-08-01,TERRA,"118793,0",SERGIPE
2000-09-01,TERRA,"115260,0",SERGIPE
2000-10-01,TERRA,"119539,0",SERGIPE
2000-11-01,TERRA,"116025,0",SERGIPE
2000-12-01,TERRA,"120835,0",SERGIPE
2001-01-01,MAR,"51501,66",SERGIPE
2001-02-01,MAR,"46515,0",SERGIPE
2001-03-01,MAR,"50699,0",SERGIPE
2001-04-01,MAR,"48221,0",SERGIPE
2001-05-01,MAR,"49062,0",SERGIPE
2001-06-01,MAR,"51124,0",SERGIPE
2001-07-01,MAR,"55798,0",SERGIPE
2001-08-01,MAR,"53855,0",SERGIPE
2001-09-01,MAR,"51132,0",SERGIPE
2001-10-01,MAR,"52801,0",SERGIPE
2001-11-01,MAR,"50067,49",SERGIPE
2001-12-01,MAR,"52887,0",SERGIPE
2001-01-01,TERRA,"120510,0",SERGIPE
2001-02-01,TERRA,"109247,0",SERGIPE
2001-03-01,TERRA,"123043,0",SERGIPE
2001-04-01,TERRA,"121016,0",SERGIPE
2001-05-01,TERRA,"125184,0",SERGIPE
2001-06-01,TERRA,"122170,0",SERGIPE
2001-07-01,TERRA,"126790,0",SERGIPE
2001-08-01,TERRA,"125481,0",SERGIPE
2001-09-01,TERRA,"120989,0",SERGIPE
2001-10-01,TERRA,"124841,0",SERGIPE
2001-11-01,TERRA,"120711,0",SERGIPE
2001-12-01,TERRA,"124660,0",SERGIPE
2002-01-01,MAR,"52929,0",SERGIPE
2002-02-01,MAR,"47615,0",SERGIPE
2002-03-01,MAR,"51173,0",SERGIPE
2002-04-01,MAR,"38348,0",SERGIPE
2002-05-01,MAR,"29451,0",SERGIPE
2002-06-01,MAR,"36290,0",SERGIPE
2002-07-01,MAR,"44708,0",SERGIPE
2002-08-01,MAR,"48760,0",SERGIPE
2002-09-01,MAR,"46182,0",SERGIPE
2002-10-01,MAR,"42526,0",SERGIPE
2002-11-01,MAR,"38208,0",SERGIPE
2002-12-01,MAR,"40609,0",SERGIPE
2002-01-01,TERRA,"124656,0",SERGIPE
2002-02-01,TERRA,"112700,0",SERGIPE
2002-03-01,TERRA,"124988,0",SERGIPE
2002-04-01,TERRA,"122578,0",SERGIPE
2002-05-01,TERRA,"127506,0",SERGIPE
2002-06-01,TERRA,"126529,0",SERGIPE
2002-07-01,TERRA,"133400,0",SERGIPE
2002-08-01,TERRA,"130435,0",SERGIPE
2002-09-01,TERRA,"130340,0",SERGIPE
2002-10-01,TERRA,"138670,0",SERGIPE
2002-11-01,TERRA,"134424,0",SERGIPE
2002-12-01,TERRA,"132989,0",SERGIPE
2003-01-01,MAR,"42397,0",SERGIPE
2003-02-01,MAR,"38106,0",SERGIPE
2003-03-01,MAR,"37984,0",SERGIPE
2003-04-01,MAR,"25705,0",SERGIPE
2003-05-01,MAR,"35930,0",SERGIPE
2003-06-01,MAR,"33295,0",SERGIPE
2003-07-01,MAR,"30830,0",SERGIPE
2003-08-01,MAR,"35794,76",SERGIPE
2003-09-01,MAR,"36595,0",SERGIPE
2003-10-01,MAR,"38722,44",SERGIPE
2003-11-01,MAR,"32377,2",SERGIPE
2003-12-01,MAR,"33602,97",SERGIPE
2003-01-01,TERRA,"138500,0",SERGIPE
2003-02-01,TERRA,"128400,0",SERGIPE
2003-03-01,TERRA,"139362,0",SERGIPE
2003-04-01,TERRA,"141000,0",SERGIPE
2003-05-01,TERRA,"150400,0",SERGIPE
2003-06-01,TERRA,"142950,0",SERGIPE
2003-07-01,TERRA,"148270,0",SERGIPE
2003-08-01,TERRA,"151850,0",SERGIPE
2003-09-01,TERRA,"143350,0",SERGIPE
2003-10-01,TERRA,"148790,0",SERGIPE
2003-11-01,TERRA,"143200,0",SERGIPE
2003-12-01,TERRA,"147380,0",SERGIPE
2004-01-01,MAR,"35302,0",SERGIPE
2004-02-01,MAR,"31928,12",SERGIPE
2004-03-01,MAR,"34092,0",SERGIPE
2004-04-01,MAR,"31269,0",SERGIPE
2004-05-01,MAR,"34103,83",SERGIPE
2004-06-01,MAR,"35733,0",SERGIPE
2004-07-01,MAR,"34075,0",SERGIPE
2004-08-01,MAR,"32940,0",SERGIPE
2004-09-01,MAR,"31830,0",SERGIPE
2004-10-01,MAR,"33809,53",SERGIPE
2004-11-01,MAR,"33298,57",SERGIPE
2004-12-01,MAR,"33827,52",SERGIPE
2004-01-01,TERRA,"143850,0",SERGIPE
2004-02-01,TERRA,"138650,0",SERGIPE
2004-03-01,TERRA,"152020,0",SERGIPE
2004-04-01,TERRA,"147370,0",SERGIPE
2004-05-01,TERRA,"153987,0",SERGIPE
2004-06-01,TERRA,"154105,0",SERGIPE
2004-07-01,TERRA,"159825,0",SERGIPE
2004-08-01,TERRA,"160120,0",SERGIPE
2004-09-01,TERRA,"152550,0",SERGIPE
2004-10-01,TERRA,"155440,0",SERGIPE
2004-11-01,TERRA,"148150,0",SERGIPE
2004-12-01,TERRA,"151561,0",SERGIPE
2005-01-01,MAR,"30628,36",SERGIPE
2005-02-01,MAR,"29425,45",SERGIPE
2005-03-01,MAR,"31326,66",SERGIPE
2005-04-01,MAR,"29009,05",SERGIPE
2005-05-01,MAR,"28070,81",SERGIPE
2005-06-01,MAR,"29672,0",SERGIPE
2005-07-01,MAR,"33302,0",SERGIPE
2005-08-01,MAR,"32948,0",SERGIPE
2005-09-01,MAR,"31329,0",SERGIPE
2005-10-01,MAR,"30952,0",SERGIPE
2005-11-01,MAR,"29365,0",SERGIPE
2005-12-01,MAR,"30825,0",SERGIPE
2005-01-01,TERRA,"162680,0",SERGIPE
2005-02-01,TERRA,"145092,0",SERGIPE
2005-03-01,TERRA,"159290,0",SERGIPE
2005-04-01,TERRA,"157029,0",SERGIPE
2005-05-01,TERRA,"157086,0",SERGIPE
2005-06-01,TERRA,"154842,0",SERGIPE
2005-07-01,TERRA,"159203,0",SERGIPE
2005-08-01,TERRA,"156787,0",SERGIPE
2005-09-01,TERRA,"155373,0",SERGIPE
2005-10-01,TERRA,"163074,0",SERGIPE
2005-11-01,TERRA,"161010,0",SERGIPE
2005-12-01,TERRA,"161838,0",SERGIPE
2006-01-01,MAR,"28740,7",SERGIPE
2006-02-01,MAR,"27224,0",SERGIPE
2006-03-01,MAR,"31406,0",SERGIPE
2006-04-01,MAR,"30503,0",SERGIPE
2006-05-01,MAR,"31138,0",SERGIPE
2006-06-01,MAR,"30654,0",SERGIPE
2006-07-01,MAR,"30665,0",SERGIPE
2006-08-01,MAR,"31359,0",SERGIPE
2006-09-01,MAR,"31517,0",SERGIPE
2006-10-01,MAR,"30524,0",SERGIPE
2006-11-01,MAR,"30230,0",SERGIPE
2006-12-01,MAR,"31718,0",SERGIPE
2006-01-01,TERRA,"164643,3",SERGIPE
2006-02-01,TERRA,"146446,0",SERGIPE
2006-03-01,TERRA,"160810,0",SERGIPE
2006-04-01,TERRA,"156451,0",SERGIPE
2006-05-01,TERRA,"159190,0",SERGIPE
2006-06-01,TERRA,"154828,0",SERGIPE
2006-07-01,TERRA,"158341,0",SERGIPE
2006-08-01,TERRA,"159914,0",SERGIPE
2006-09-01,TERRA,"156552,0",SERGIPE
2006-10-01,TERRA,"165712,0",SERGIPE
2006-11-01,TERRA,"162140,0",SERGIPE
2006-12-01,TERRA,"169799,0",SERGIPE
2007-01-01,MAR,"32512,0",SERGIPE
2007-02-01,MAR,"29049,0",SERGIPE
2007-03-01,MAR,"30424,0",SERGIPE
2007-04-01,MAR,"25457,0",SERGIPE
2007-05-01,MAR,"11675,0",SERGIPE
2007-06-01,MAR,"27662,0",SERGIPE
2007-07-01,MAR,"31342,0",SERGIPE
2007-08-01,MAR,"31267,0",SERGIPE
2007-09-01,MAR,"30773,0",SERGIPE
2007-10-01,MAR,"63697,0",SERGIPE
2007-11-01,MAR,"63349,0",SERGIPE
2007-12-01,MAR,"57208,0",SERGIPE
2007-01-01,TERRA,"168738,0",SERGIPE
2007-02-01,TERRA,"154636,046",SERGIPE
2007-03-01,TERRA,"170217,4",SERGIPE
2007-04-01,TERRA,"171475,3",SERGIPE
2007-05-01,TERRA,"168907,5",SERGIPE
2007-06-01,TERRA,"172801,5",SERGIPE
2007-07-01,TERRA,"172404,114",SERGIPE
2007-08-01,TERRA,"176111,144",SERGIPE
2007-09-01,TERRA,"175160,882",SERGIPE
2007-10-01,TERRA,"175872,711",SERGIPE
2007-11-01,TERRA,"169590,398",SERGIPE
2007-12-01,TERRA,"173274,218",SERGIPE
2008-01-01,MAR,"64435,0",SERGIPE
2008-02-01,MAR,"55963,0",SERGIPE
2008-03-01,MAR,"58202,0",SERGIPE
2008-04-01,MAR,"55559,72",SERGIPE
2008-05-01,MAR,"53885,89",SERGIPE
2008-06-01,MAR,"67259,06",SERGIPE
2008-07-01,MAR,"85136,71",SERGIPE
2008-08-01,MAR,"79885,29",SERGIPE
2008-09-01,MAR,"70557,24",SERGIPE
2008-10-01,MAR,"66763,85",SERGIPE
2008-11-01,MAR,"59614,7",SERGIPE
2008-12-01,MAR,"49490,28",SERGIPE
2008-01-01,TERRA,"176495,858",SERGIPE
2008-02-01,TERRA,"157063,084",SERGIPE
2008-03-01,TERRA,"166354,371",SERGIPE
2008-04-01,TERRA,"160730,142",SERGIPE
2008-05-01,TERRA,"169630,7865",SERGIPE
2008-06-01,TERRA,"165194,9225",SERGIPE
2008-07-01,TERRA,"165433,709",SERGIPE
2008-08-01,TERRA,"166334,0998",SERGIPE
2008-09-01,TERRA,"162016,996",SERGIPE
2008-10-01,TERRA,"165037,289",SERGIPE
2008-11-01,TERRA,"151526,2631",SERGIPE
2008-12-01,TERRA,"161016,2384",SERGIPE
2009-01-01,MAR,"48714,06",SERGIPE
2009-02-01,MAR,"41635,13",SERGIPE
2009-03-01,MAR,"44459,4",SERGIPE
2009-04-01,MAR,"35849,04",SERGIPE
2009-05-01,MAR,"40120,7",SERGIPE
2009-06-01,MAR,"40193,82",SERGIPE
2009-07-01,MAR,"41416,5",SERGIPE
2009-08-01,MAR,"38227,0751",SERGIPE
2009-09-01,MAR,"56836,60747",SERGIPE
2009-10-01,MAR,"56343,97598",SERGIPE
2009-11-01,MAR,"57594,347",SERGIPE
2009-12-01,MAR,"57486,2038",SERGIPE
2009-01-01,TERRA,"166529,7156",SERGIPE
2009-02-01,TERRA,"151647,83",SERGIPE
2009-03-01,TERRA,"162609,8123",SERGIPE
2009-04-01,TERRA,"165331,0862",SERGIPE
2009-05-01,TERRA,"169426,4007",SERGIPE
2009-06-01,TERRA,"163507,4589",SERGIPE
2009-07-01,TERRA,"172505,3993",SERGIPE
2009-08-01,TERRA,"175612,9648",SERGIPE
2009-09-01,TERRA,"166887,2325",SERGIPE
2009-10-01,TERRA,"169401,7702",SERGIPE
2009-11-01,TERRA,"167140,3836",SERGIPE
2009-12-01,TERRA,"169963,4811",SERGIPE
2010-01-01,MAR,"52879,16476",SERGIPE
2010-02-01,MAR,"41733,37",SERGIPE
2010-03-01,MAR,"43717,97",SERGIPE
2010-04-01,MAR,"44045,64",SERGIPE
2010-05-01,MAR,"44690,66958",SERGIPE
2010-06-01,MAR,"42724,4757",SERGIPE
2010-07-01,MAR,"36657,24396",SERGIPE
2010-08-01,MAR,"39742,96435",SERGIPE
2010-09-01,MAR,"40739,86705",SERGIPE
2010-10-01,MAR,"40868,2119",SERGIPE
2010-11-01,MAR,"24605,23019",SERGIPE
2010-12-01,MAR,"34638,85098",SERGIPE
2010-01-01,TERRA,"166527,2156",SERGIPE
2010-02-01,TERRA,"149602,7083",SERGIPE
2010-03-01,TERRA,"165741,8191",SERGIPE
2010-04-01,TERRA,"156610,3621",SERGIPE
2010-05-01,TERRA,"166098,5211",SERGIPE
2010-06-01,TERRA,"152062,1507",SERGIPE
2010-07-01,TERRA,"157317,0869",SERGIPE
2010-08-01,TERRA,"159014,1872",SERGIPE
2010-09-01,TERRA,"153740,7312",SERGIPE
2010-10-01,TERRA,"162465,9804",SERGIPE
2010-11-01,TERRA,"158690,3998",SERGIPE
2010-12-01,TERRA,"163125,1386",SERGIPE
2011-01-01,MAR,"34593,17791",SERGIPE
2011-02-01,MAR,"32301,00762",SERGIPE
2011-03-01,MAR,"31994,90663",SERGIPE
2011-04-01,MAR,"31434,82093",SERGIPE
2011-05-01,MAR,"64240,40674",SERGIPE
2011-06-01,MAR,"61930,69161",SERGIPE
2011-07-01,MAR,"60270,34244",SERGIPE
2011-08-01,MAR,"60029,01879",SERGIPE
2011-09-01,MAR,"42042,08338",SERGIPE
2011-10-01,MAR,"50084,57955",SERGIPE
2011-11-01,MAR,"49281,90621",SERGIPE
2011-12-01,MAR,"52002,83679",SERGIPE
2011-01-01,TERRA,"163055,5455",SERGIPE
2011-02-01,TERRA,"145942,1105",SERGIPE
2011-03-01,TERRA,"161563,9512",SERGIPE
2011-04-01,TERRA,"150848,4329",SERGIPE
2011-05-01,TERRA,"156820,8714",SERGIPE
2011-06-01,TERRA,"153163,3715",SERGIPE
2011-07-01,TERRA,"157662,1963",SERGIPE
2011-08-01,TERRA,"156424,5102",SERGIPE
2011-09-01,TERRA,"152875,6001",SERGIPE
2011-10-01,TERRA,"158716,9701",SERGIPE
2011-11-01,TERRA,"151159,1409",SERGIPE
2011-12-01,TERRA,"159111,7533",SERGIPE
2012-01-01,MAR,"48589,52679",SERGIPE
2012-02-01,MAR,"40177,77929",SERGIPE
2012-03-01,MAR,"46380,92811",SERGIPE
2012-04-01,MAR,"40708,45896",SERGIPE
2012-05-01,MAR,"46488,99048",SERGIPE
2012-06-01,MAR,"45053,06082",SERGIPE
2012-07-01,MAR,"42399,69888",SERGIPE
2012-08-01,MAR,"42658,1665",SERGIPE
2012-09-01,MAR,"41443,281",SERGIPE
2012-10-01,MAR,"42441,28599",SERGIPE
2012-11-01,MAR,"29955,273",SERGIPE
2012-12-01,MAR,"42505,011",SERGIPE
2012-01-01,TERRA,"157212,8738",SERGIPE
2012-02-01,TERRA,"148193,3442",SERGIPE
2012-03-01,TERRA,"157189,6149",SERGIPE
2012-04-01,TERRA,"149236,7739",SERGIPE
2012-05-01,TERRA,"156483,3877",SERGIPE
2012-06-01,TERRA,"150035,8857",SERGIPE
2012-07-01,TERRA,"153928,4995",SERGIPE
2012-08-01,TERRA,"153528,021",SERGIPE
2012-09-01,TERRA,"151302,8444",SERGIPE
2012-10-01,TERRA,"155622,5595",SERGIPE
2012-11-01,TERRA,"147016,5447",SERGIPE
2012-12-01,TERRA,"156151,0217",SERGIPE
2013-01-01,MAR,"40653,14999",SERGIPE
2013-02-01,MAR,"35419,36499",SERGIPE
2013-03-01,MAR,"37100,84199",SERGIPE
2013-04-01,MAR,"36204,978",SERGIPE
2013-05-01,MAR,"38909,596",SERGIPE
2013-06-01,MAR,"37119,21098",SERGIPE
2013-07-01,MAR,"36118,36092",SERGIPE
2013-08-01,MAR,"60447,97404",SERGIPE
2013-09-01,MAR,"64956,16297",SERGIPE
2013-10-01,MAR,"65840,87002",SERGIPE
2013-11-01,MAR,"60977,08096",SERGIPE
2013-12-01,MAR,"61749,16611",SERGIPE
2013-01-01,TERRA,"147076,7178",SERGIPE
2013-02-01,TERRA,"137767,0299",SERGIPE
2013-03-01,TERRA,"150851,9668",SERGIPE
2013-04-01,TERRA,"143588,8509",SERGIPE
2013-05-01,TERRA,"143332,8476",SERGIPE
2013-06-01,TERRA,"140226,4794",SERGIPE
2013-07-01,TERRA,"138530,3259",SERGIPE
2013-08-01,TERRA,"139132,5411",SERGIPE
2013-09-01,TERRA,"137446,9737",SERGIPE
2013-10-01,TERRA,"140116,1033",SERGIPE
2013-11-01,TERRA,"132887,6324",SERGIPE
2013-12-01,TERRA,"138657,2729",SERGIPE
2014-01-01,MAR,"50574,79103",SERGIPE
2014-02-01,MAR,"68172,547",SERGIPE
2014-03-01,MAR,"76018,328",SERGIPE
2014-04-01,MAR,"70358,13595",SERGIPE
2014-05-01,MAR,"69724,15902",SERGIPE
2014-06-01,MAR,"65252,66008",SERGIPE
2014-07-01,MAR,"65659,14602",SERGIPE
2014-08-01,MAR,"64511,157",SERGIPE
2014-09-01,MAR,"60722,22",SERGIPE
2014-10-01,MAR,"61673,53501",SERGIPE
2014-11-01,MAR,"58792,454",SERGIPE
2014-12-01,MAR,"57885,255",SERGIPE
2014-01-01,TERRA,"139914,6365",SERGIPE
2014-02-01,TERRA,"126419,7328",SERGIPE
2014-03-01,TERRA,"140460,9101",SERGIPE
2014-04-01,TERRA,"135682,6149",SERGIPE
2014-05-01,TERRA,"138428,062",SERGIPE
2014-06-01,TERRA,"134972,0969",SERGIPE
2014-07-01,TERRA,"134230,5125",SERGIPE
2014-08-01,TERRA,"133855,2886",SERGIPE
2014-09-01,TERRA,"131433,4118",SERGIPE
2014-10-01,TERRA,"135124,9379",SERGIPE
2014-11-01,TERRA,"127011,3215",SERGIPE
2014-12-01,TERRA,"133473,6201",SERGIPE
2015-01-01,MAR,"55089,03599",SERGIPE
2015-02-01,MAR,"47575,873",SERGIPE
2015-03-01,MAR,"49738,606",SERGIPE
2015-04-01,MAR,"45550,737",SERGIPE
2015-05-01,MAR,"45456,844",SERGIPE
2015-06-01,MAR,"40349,258",SERGIPE
2015-07-01,MAR,"17039,537",SERGIPE
2015-08-01,MAR,"31148,935",SERGIPE
2015-09-01,MAR,"38555,162",SERGIPE
2015-10-01,MAR,"37107,205",SERGIPE
2015-11-01,MAR,"36297,433",SERGIPE
2015-12-01,MAR,"31830,43",SERGIPE
2015-01-01,TERRA,"130241,14",SERGIPE
2015-02-01,TERRA,"115408,3329",SERGIPE
2015-03-01,TERRA,"129348,458",SERGIPE
2015-04-01,TERRA,"128351,3727",SERGIPE
2015-05-01,TERRA,"129124,1432",SERGIPE
2015-06-01,TERRA,"119938,0026",SERGIPE
2015-07-01,TERRA,"120188,62",SERGIPE
2015-08-01,TERRA,"122439,6059",SERGIPE
2015-09-01,TERRA,"119114,8321",SERGIPE
2015-10-01,TERRA,"125847,8333",SERGIPE
2015-11-01,TERRA,"99218,48618",SERGIPE
2015-12-01,TERRA,"118901,5056",SERGIPE
2016-01-01,MAR,"39767,35",SERGIPE
2016-02-01,MAR,"35594,76007",SERGIPE
2016-03-01,MAR,"37247,64004",SERGIPE
2016-04-01,MAR,"36099,12",SERGIPE
2016-05-01,MAR,"37240,28998",SERGIPE
2016-06-01,MAR,"36738,07003",SERGIPE
2016-07-01,MAR,"38202,94011",SERGIPE
2016-08-01,MAR,"38647,58002",SERGIPE
2016-09-01,MAR,"36787,78003",SERGIPE
2016-10-01,MAR,"36331,01",SERGIPE
2016-11-01,MAR,"30188,01005",SERGIPE
2016-12-01,MAR,"28793,27002",SERGIPE
2016-01-01,TERRA,"115931,2854",SERGIPE
2016-02-01,TERRA,"109522,9315",SERGIPE
2016-03-01,TERRA,"116942,7206",SERGIPE
2016-04-01,TERRA,"111534,1658",SERGIPE
2016-05-01,TERRA,"111702,6511",SERGIPE
2016-06-01,TERRA,"109291,3898",SERGIPE
2016-07-01,TERRA,"108578,0317",SERGIPE
2016-08-01,TERRA,"103618,2891",SERGIPE
2016-09-01,TERRA,"101823,7664",SERGIPE
2016-10-01,TERRA,"99176,48658",SERGIPE
2016-11-01,TERRA,"109123,4748",SERGIPE
2016-12-01,TERRA,"104356,4147",SERGIPE
2017-01-01,MAR,"27639,04999",SERGIPE
2017-02-01,MAR,"24420,54002",SERGIPE
2017-03-01,MAR,"27769,74994",SERGIPE
2017-04-01,MAR,"25037,5",SERGIPE
2017-05-01,MAR,"26593,19998",SERGIPE
2017-06-01,MAR,"14947,75102",SERGIPE
2017-07-01,MAR,"27906,97601",SERGIPE
2017-08-01,MAR,"25117,21403",SERGIPE
2017-09-01,MAR,"23615,10101",SERGIPE
2017-10-01,MAR,"25410,30401",SERGIPE
2017-11-01,MAR,"26012,89799",SERGIPE
2017-12-01,MAR,"27492,83097",SERGIPE
2017-01-01,TERRA,"101562,5339",SERGIPE
2017-02-01,TERRA,"87500,53594",SERGIPE
2017-03-01,TERRA,"92257,37781",SERGIPE
2017-04-01,TERRA,"82237,21098",SERGIPE
2017-05-01,TERRA,"94276,08274",SERGIPE
2017-06-01,TERRA,"84505,87605",SERGIPE
2017-07-01,TERRA,"85725,83751",SERGIPE
2017-08-01,TERRA,"84034,91855",SERGIPE
2017-09-01,TERRA,"82700,64954",SERGIPE
2017-10-01,TERRA,"86206,26567",SERGIPE
2017-11-01,TERRA,"81359,90272",SERGIPE
2017-12-01,TERRA,"82491,64227",SERGIPE
2018-01-01,MAR,"26639,41496",SERGIPE
2018-02-01,MAR,"24390,55405",SERGIPE
2018-03-01,MAR,"24968,41299",SERGIPE
2018-04-01,MAR,"19457,62001",SERGIPE
2018-05-01,MAR,"25838,01699",SERGIPE
2018-06-01,MAR,"24213,138",SERGIPE
2018-07-01,MAR,"24692,477",SERGIPE
2018-08-01,MAR,"24367,473",SERGIPE
2018-09-01,MAR,"23023,862",SERGIPE
2018-10-01,MAR,"24060,333",SERGIPE
2018-11-01,MAR,"21635,364",SERGIPE
2018-12-01,MAR,"19040,618",SERGIPE
2018-01-01,TERRA,"82597,25157",SERGIPE
2018-02-01,TERRA,"70467,21531",SERGIPE
2018-03-01,TERRA,"71253,43887",SERGIPE
2018-04-01,TERRA,"64797,22888",SERGIPE
2018-05-01,TERRA,"64710,59892",SERGIPE
2018-06-01,TERRA,"62989,51949",SERGIPE
2018-07-01,TERRA,"63664,33774",SERGIPE
2018-08-01,TERRA,"61932,15742",SERGIPE
2018-09-01,TERRA,"57107,81674",SERGIPE
2018-10-01,TERRA,"57757,80489",SERGIPE
2018-11-01,TERRA,"55428,36464",SERGIPE
2018-12-01,TERRA,"58793,14026",SERGIPE
2019-01-01,MAR,"17605,8",SERGIPE
2019-02-01,MAR,"14386,044",SERGIPE
2019-03-01,MAR,"14673,96502",SERGIPE
2019-04-01,MAR,"14205,976",SERGIPE
2019-05-01,MAR,"15952,145",SERGIPE
2019-06-01,MAR,"18919,31899",SERGIPE
2019-07-01,MAR,"21946,685",SERGIPE
2019-08-01,MAR,"12860,785",SERGIPE
2019-09-01,MAR,"22236,703",SERGIPE
2019-10-01,MAR,"18581,941",SERGIPE
2019-11-01,MAR,"16340,765",SERGIPE
2019-12-01,MAR,"17099,5955",SERGIPE
2019-01-01,TERRA,"59430,03024",SERGIPE
2019-02-01,TERRA,"51502,25299",SERGIPE
2019-03-01,TERRA,"55926,0735",SERGIPE
2019-04-01,TERRA,"55178,13597",SERGIPE
2019-05-01,TERRA,"52657,64121",SERGIPE
2019-06-01,TERRA,"49240,29028",SERGIPE
2019-07-01,TERRA,"49896,55015",SERGIPE
2019-08-01,TERRA,"54907,31202",SERGIPE
2019-09-01,TERRA,"54489,33399",SERGIPE
2019-10-01,TERRA,"56443,74533",SERGIPE
2019-11-01,TERRA,"53711,07696",SERGIPE
2019-12-01,TERRA,"56413,34118",SERGIPE
2020-01-01,MAR,"18047,675",SERGIPE
2020-02-01,MAR,"23663,829",SERGIPE
2020-03-01,MAR,"42482,193",SERGIPE
2020-04-01,MAR,"7665,75099",SERGIPE
2020-05-01,MAR,"3718,94399",SERGIPE
2020-06-01,MAR,"3710,83134",SERGIPE
2020-07-01,MAR,"3500,146",SERGIPE
2020-08-01,MAR,"3215,4585",SERGIPE
2020-09-01,MAR,"2485,48999",SERGIPE
2020-10-01,MAR,"1977,291",SERGIPE
2020-11-01,MAR,"1908,3875",SERGIPE
2020-12-01,MAR,"1410,24083",SERGIPE
2020-01-01,TERRA,"55031,68668",SERGIPE
2020-02-01,TERRA,"50876,17589",SERGIPE
2020-03-01,TERRA,"54881,23544",SERGIPE
2020-04-01,TERRA,"52465,37516",SERGIPE
2020-05-01,TERRA,"53567,50823",SERGIPE
2020-06-01,TERRA,"49975,31857",SERGIPE
2020-07-01,TERRA,"48233,80749",SERGIPE
2020-08-01,TERRA,"49929,96018",SERGIPE
2020-09-01,TERRA,"47881,02594",SERGIPE
2020-10-01,TERRA,"48093,03766",SERGIPE
2020-11-01,TERRA,"42867,18729",SERGIPE
2020-12-01,TERRA,"43362,20588",SERGIPE
2021-01-01,MAR,"1507,001",SERGIPE
2021-02-01,MAR,"1315,71",SERGIPE
2021-03-01,MAR,"1310,138",SERGIPE
2021-04-01,MAR,"1131,3795",SERGIPE
2021-05-01,MAR,"1352,531",SERGIPE
2021-06-01,MAR,"1413,3865",SERGIPE
2021-07-01,MAR,"1648,333",SERGIPE
2021-08-01,MAR,"722,915",SERGIPE
2021-09-01,MAR,"430,912",SERGIPE
2021-10-01,MAR,"441,26569",SERGIPE
2021-11-01,MAR,"681,28835",SERGIPE
2021-12-01,MAR,"941,00159",SERGIPE
2021-01-01,TERRA,"41977,52794",SERGIPE
2021-02-01,TERRA,"38978,91378",SERGIPE
2021-03-01,TERRA,"41064,18745",SERGIPE
2021-04-01,TERRA,"27453,8541",SERGIPE
2021-05-01,TERRA,"45424,46757",SERGIPE
2021-06-01,TERRA,"35291,18042",SERGIPE
2021-07-01,TERRA,"39028,971",SERGIPE
2021-08-01,TERRA,"36283,04421",SERGIPE
2021-09-01,TERRA,"34544,00988",SERGIPE
2021-10-01,TERRA,"35933,0195",SERGIPE
2021-11-01,TERRA,"36402,50803",SERGIPE
2021-12-01,TERRA,"36246,35774",SERGIPE
2022-01-01,MAR,"887,574",SERGIPE
2022-02-01,MAR,"945,82621",SERGIPE
2022-03-01,MAR,"1060,62899",SERGIPE
2022-04-01,MAR,"1240,98266",SERGIPE
2022-05-01,MAR,"1236,87912",SERGIPE
2022-06-01,MAR,"1131,28526",SERGIPE
2022-07-01,MAR,"1063,00056",SERGIPE
2022-08-01,MAR,"1176,09926",SERGIPE
2022-09-01,MAR,"1153,2413",SERGIPE
2022-10-01,MAR,"1174,93198",SERGIPE
2022-11-01,MAR,"1114,52889",SERGIPE
2022-12-01,MAR,"945,34712",SERGIPE
2022-01-01,TERRA,"35927,1129",SERGIPE
2022-02-01,TERRA,"32071,81451",SERGIPE
2022-03-01,TERRA,"37279,57816",SERGIPE
2022-04-01,TERRA,"29787,05789",SERGIPE
2022-05-01,TERRA,"13891,01594",SERGIPE
2022-06-01,TERRA,"1146,74733",SERGIPE
2022-07-01,TERRA,"1258,3391",SERGIPE
2022-08-01,TERRA,"1159,1514",SERGIPE
2022-09-01,TERRA,"1127,93148",SERGIPE
2022-10-01,TERRA,"7171,97671",SERGIPE
2022-11-01,TERRA,"22712,50564",SERGIPE
2022-12-01,TERRA,"20113,18428",SERGIPE
2023-01-01,MAR,"951,31",SERGIPE
2023-02-01,MAR,"832,803",SERGIPE
2023-03-01,MAR,"836,801",SERGIPE
2023-04-01,MAR,"797,74",SERGIPE
2023-05-01,MAR,"867,277",SERGIPE
2023-06-01,MAR,"778,497",SERGIPE
2023-07-01,MAR,"789,93",SERGIPE
2023-08-01,MAR,"794,584",SERGIPE
2023-09-01,MAR,"720,987",SERGIPE
2023-10-01,MAR,"0,0",SERGIPE
2023-11-01,MAR,"0,0",SERGIPE
2023-12-01,MAR,"0,0",SERGIPE
2023-01-01,TERRA,"17331,73",SERGIPE
2023-02-01,TERRA,"21799,116",SERGIPE
2023-03-01,TERRA,"31925,676",SERGIPE
2023-04-01,TERRA,"29195,791",SERGIPE
2023-05-01,TERRA,"32118,956",SERGIPE
2023-06-01,TERRA,"27633,762",SERGIPE
2023-07-01,TERRA,"34778,232",SERGIPE
2023-08-01,TERRA,"31291,429",SERGIPE
2023-09-01,TERRA,"42509,322",SERGIPE
2023-10-01,TERRA,"0,0",SERGIPE
2023-11-01,TERRA,"0,0",SERGIPE
2023-12-01,TERRA,"0,0",SERGIPE
